nameseq,A,C,G,T,label
promoter-1,0.30864197530864196,0.18518518518518517,0.18518518518518517,0.32098765432098764,Npromotor
promoter-2,0.25925925925925924,0.2222222222222222,0.18518518518518517,0.3333333333333333,Npromotor
promoter-3,0.2716049382716049,0.1728395061728395,0.19753086419753085,0.35802469135802467,Npromotor
promoter-4,0.2345679012345679,0.25925925925925924,0.18518518518518517,0.32098765432098764,Npromotor
promoter-5,0.2962962962962963,0.18518518518518517,0.25925925925925924,0.25925925925925924,Npromotor
promoter-6,0.2839506172839506,0.2716049382716049,0.07407407407407407,0.37037037037037035,Npromotor
promoter-7,0.35802469135802467,0.18518518518518517,0.1728395061728395,0.2839506172839506,Npromotor
promoter-8,0.18518518518518517,0.2345679012345679,0.2716049382716049,0.30864197530864196,Npromotor
promoter-9,0.2839506172839506,0.19753086419753085,0.12345679012345678,0.3950617283950617,Npromotor
promoter-10,0.32098765432098764,0.2345679012345679,0.2222222222222222,0.2222222222222222,Npromotor
promoter-11,0.345679012345679,0.1728395061728395,0.18518518518518517,0.2962962962962963,Npromotor
promoter-12,0.2345679012345679,0.2222222222222222,0.2839506172839506,0.25925925925925924,Npromotor
promoter-13,0.2716049382716049,0.2222222222222222,0.19753086419753085,0.30864197530864196,Npromotor
promoter-14,0.2962962962962963,0.18518518518518517,0.19753086419753085,0.32098765432098764,Npromotor
promoter-15,0.32098765432098764,0.16049382716049382,0.20987654320987653,0.30864197530864196,Npromotor
promoter-16,0.2839506172839506,0.25925925925925924,0.2345679012345679,0.2222222222222222,Npromotor
promoter-17,0.2839506172839506,0.1728395061728395,0.19753086419753085,0.345679012345679,Npromotor
promoter-18,0.2716049382716049,0.16049382716049382,0.19753086419753085,0.37037037037037035,Npromotor
promoter-19,0.2716049382716049,0.25925925925925924,0.2716049382716049,0.19753086419753085,Npromotor
promoter-20,0.2962962962962963,0.1728395061728395,0.13580246913580246,0.3950617283950617,Npromotor
promoter-21,0.2839506172839506,0.19753086419753085,0.12345679012345678,0.3950617283950617,Npromotor
promoter-22,0.24691358024691357,0.2222222222222222,0.13580246913580246,0.3950617283950617,Npromotor
promoter-23,0.2716049382716049,0.2222222222222222,0.09876543209876543,0.4074074074074074,Npromotor
promoter-24,0.32098765432098764,0.20987654320987653,0.09876543209876543,0.37037037037037035,Npromotor
promoter-25,0.32098765432098764,0.30864197530864196,0.1728395061728395,0.19753086419753085,Npromotor
promoter-26,0.25925925925925924,0.25925925925925924,0.19753086419753085,0.2839506172839506,Npromotor
promoter-27,0.2716049382716049,0.20987654320987653,0.18518518518518517,0.3333333333333333,Npromotor
promoter-28,0.2716049382716049,0.24691358024691357,0.18518518518518517,0.2962962962962963,Npromotor
promoter-29,0.37037037037037035,0.2345679012345679,0.13580246913580246,0.25925925925925924,Npromotor
promoter-30,0.37037037037037035,0.12345679012345678,0.12345679012345678,0.38271604938271603,Npromotor
promoter-31,0.4074074074074074,0.13580246913580246,0.12345679012345678,0.3333333333333333,Npromotor
promoter-32,0.35802469135802467,0.16049382716049382,0.20987654320987653,0.2716049382716049,Npromotor
promoter-33,0.2962962962962963,0.24691358024691357,0.20987654320987653,0.24691358024691357,Npromotor
promoter-34,0.2962962962962963,0.19753086419753085,0.16049382716049382,0.345679012345679,Npromotor
promoter-35,0.2716049382716049,0.12345679012345678,0.2839506172839506,0.32098765432098764,Npromotor
promoter-36,0.2716049382716049,0.2222222222222222,0.16049382716049382,0.345679012345679,Npromotor
promoter-37,0.2345679012345679,0.18518518518518517,0.20987654320987653,0.37037037037037035,Npromotor
promoter-38,0.3950617283950617,0.2222222222222222,0.2345679012345679,0.14814814814814814,Npromotor
promoter-39,0.19753086419753085,0.2962962962962963,0.32098765432098764,0.18518518518518517,Npromotor
promoter-40,0.30864197530864196,0.1728395061728395,0.19753086419753085,0.32098765432098764,Npromotor
promoter-41,0.2962962962962963,0.1728395061728395,0.2716049382716049,0.25925925925925924,Npromotor
promoter-42,0.32098765432098764,0.18518518518518517,0.19753086419753085,0.2962962962962963,Npromotor
promoter-43,0.30864197530864196,0.1728395061728395,0.25925925925925924,0.25925925925925924,Npromotor
promoter-44,0.2716049382716049,0.2839506172839506,0.2839506172839506,0.16049382716049382,Npromotor
promoter-45,0.24691358024691357,0.2345679012345679,0.16049382716049382,0.35802469135802467,Npromotor
promoter-46,0.2716049382716049,0.2222222222222222,0.12345679012345678,0.38271604938271603,Npromotor
promoter-47,0.2962962962962963,0.25925925925925924,0.18518518518518517,0.25925925925925924,Npromotor
promoter-48,0.35802469135802467,0.1728395061728395,0.16049382716049382,0.30864197530864196,Npromotor
promoter-49,0.2962962962962963,0.1728395061728395,0.13580246913580246,0.3950617283950617,Npromotor
promoter-50,0.25925925925925924,0.20987654320987653,0.19753086419753085,0.3333333333333333,Npromotor
promoter-51,0.30864197530864196,0.1728395061728395,0.18518518518518517,0.3333333333333333,Npromotor
promoter-52,0.41975308641975306,0.16049382716049382,0.14814814814814814,0.2716049382716049,Npromotor
promoter-53,0.24691358024691357,0.2345679012345679,0.19753086419753085,0.32098765432098764,Npromotor
promoter-54,0.41975308641975306,0.14814814814814814,0.25925925925925924,0.1728395061728395,Npromotor
promoter-55,0.3950617283950617,0.20987654320987653,0.19753086419753085,0.19753086419753085,Npromotor
promoter-56,0.38271604938271603,0.20987654320987653,0.20987654320987653,0.19753086419753085,Npromotor
promoter-57,0.30864197530864196,0.18518518518518517,0.25925925925925924,0.24691358024691357,Npromotor
promoter-58,0.20987654320987653,0.25925925925925924,0.20987654320987653,0.32098765432098764,Npromotor
promoter-59,0.19753086419753085,0.30864197530864196,0.13580246913580246,0.35802469135802467,Npromotor
promoter-60,0.24691358024691357,0.2222222222222222,0.2962962962962963,0.2345679012345679,Npromotor
promoter-61,0.3333333333333333,0.18518518518518517,0.25925925925925924,0.2222222222222222,Npromotor
promoter-62,0.32098765432098764,0.2222222222222222,0.25925925925925924,0.19753086419753085,Npromotor
promoter-63,0.38271604938271603,0.13580246913580246,0.12345679012345678,0.35802469135802467,Npromotor
promoter-64,0.3333333333333333,0.1728395061728395,0.1728395061728395,0.32098765432098764,Npromotor
promoter-65,0.2716049382716049,0.20987654320987653,0.20987654320987653,0.30864197530864196,Npromotor
promoter-66,0.37037037037037035,0.2345679012345679,0.16049382716049382,0.2345679012345679,Npromotor
promoter-67,0.25925925925925924,0.20987654320987653,0.20987654320987653,0.32098765432098764,Npromotor
promoter-68,0.25925925925925924,0.18518518518518517,0.2345679012345679,0.32098765432098764,Npromotor
promoter-69,0.2716049382716049,0.2839506172839506,0.14814814814814814,0.2962962962962963,Npromotor
promoter-70,0.24691358024691357,0.32098765432098764,0.2345679012345679,0.19753086419753085,Npromotor
promoter-71,0.2716049382716049,0.13580246913580246,0.20987654320987653,0.38271604938271603,Npromotor
promoter-72,0.25925925925925924,0.25925925925925924,0.18518518518518517,0.2962962962962963,Npromotor
promoter-73,0.20987654320987653,0.30864197530864196,0.18518518518518517,0.2962962962962963,Npromotor
promoter-74,0.32098765432098764,0.08641975308641975,0.2345679012345679,0.35802469135802467,Npromotor
promoter-75,0.345679012345679,0.09876543209876543,0.2222222222222222,0.3333333333333333,Npromotor
promoter-76,0.3950617283950617,0.1728395061728395,0.08641975308641975,0.345679012345679,Npromotor
promoter-77,0.38271604938271603,0.19753086419753085,0.08641975308641975,0.3333333333333333,Npromotor
promoter-78,0.2962962962962963,0.19753086419753085,0.20987654320987653,0.2962962962962963,Npromotor
promoter-79,0.2716049382716049,0.1728395061728395,0.25925925925925924,0.2962962962962963,Npromotor
promoter-80,0.4074074074074074,0.13580246913580246,0.24691358024691357,0.20987654320987653,Npromotor
promoter-81,0.2839506172839506,0.25925925925925924,0.18518518518518517,0.2716049382716049,Npromotor
promoter-82,0.32098765432098764,0.18518518518518517,0.1728395061728395,0.32098765432098764,Npromotor
promoter-83,0.25925925925925924,0.12345679012345678,0.19753086419753085,0.41975308641975306,Npromotor
promoter-84,0.25925925925925924,0.24691358024691357,0.19753086419753085,0.2962962962962963,Npromotor
promoter-85,0.3333333333333333,0.2222222222222222,0.2222222222222222,0.2222222222222222,Npromotor
promoter-86,0.2716049382716049,0.24691358024691357,0.14814814814814814,0.3333333333333333,Npromotor
promoter-87,0.20987654320987653,0.19753086419753085,0.25925925925925924,0.3333333333333333,Npromotor
promoter-88,0.20987654320987653,0.2962962962962963,0.20987654320987653,0.2839506172839506,Npromotor
promoter-89,0.32098765432098764,0.2962962962962963,0.2345679012345679,0.14814814814814814,Npromotor
promoter-90,0.13580246913580246,0.25925925925925924,0.32098765432098764,0.2839506172839506,Npromotor
promoter-91,0.2839506172839506,0.2222222222222222,0.2345679012345679,0.25925925925925924,Npromotor
promoter-92,0.2345679012345679,0.16049382716049382,0.2839506172839506,0.32098765432098764,Npromotor
promoter-93,0.35802469135802467,0.1728395061728395,0.18518518518518517,0.2839506172839506,Npromotor
promoter-94,0.25925925925925924,0.20987654320987653,0.24691358024691357,0.2839506172839506,Npromotor
promoter-95,0.2839506172839506,0.18518518518518517,0.2222222222222222,0.30864197530864196,Npromotor
promoter-96,0.2839506172839506,0.2345679012345679,0.25925925925925924,0.2222222222222222,Npromotor
promoter-97,0.32098765432098764,0.25925925925925924,0.09876543209876543,0.32098765432098764,Npromotor
promoter-98,0.20987654320987653,0.19753086419753085,0.2345679012345679,0.35802469135802467,Npromotor
promoter-99,0.13580246913580246,0.32098765432098764,0.2839506172839506,0.25925925925925924,Npromotor
promoter-100,0.2839506172839506,0.25925925925925924,0.16049382716049382,0.2962962962962963,Npromotor
promoter-101,0.1728395061728395,0.18518518518518517,0.3333333333333333,0.30864197530864196,Npromotor
promoter-102,0.14814814814814814,0.2345679012345679,0.2962962962962963,0.32098765432098764,Npromotor
promoter-103,0.30864197530864196,0.18518518518518517,0.16049382716049382,0.345679012345679,Npromotor
promoter-104,0.2716049382716049,0.24691358024691357,0.14814814814814814,0.3333333333333333,Npromotor
promoter-105,0.20987654320987653,0.2222222222222222,0.2962962962962963,0.2716049382716049,Npromotor
promoter-106,0.2716049382716049,0.16049382716049382,0.2222222222222222,0.345679012345679,Npromotor
promoter-107,0.38271604938271603,0.20987654320987653,0.16049382716049382,0.24691358024691357,Npromotor
promoter-108,0.2962962962962963,0.1728395061728395,0.1728395061728395,0.35802469135802467,Npromotor
promoter-109,0.37037037037037035,0.14814814814814814,0.2345679012345679,0.24691358024691357,Npromotor
promoter-110,0.19753086419753085,0.1728395061728395,0.30864197530864196,0.32098765432098764,Npromotor
promoter-111,0.20987654320987653,0.25925925925925924,0.2839506172839506,0.24691358024691357,Npromotor
promoter-112,0.3333333333333333,0.18518518518518517,0.16049382716049382,0.32098765432098764,Npromotor
promoter-113,0.2222222222222222,0.2222222222222222,0.19753086419753085,0.35802469135802467,Npromotor
promoter-114,0.43209876543209874,0.12345679012345678,0.037037037037037035,0.4074074074074074,Npromotor
promoter-115,0.3950617283950617,0.19753086419753085,0.12345679012345678,0.2839506172839506,Npromotor
promoter-116,0.32098765432098764,0.13580246913580246,0.18518518518518517,0.35802469135802467,Npromotor
promoter-117,0.25925925925925924,0.2345679012345679,0.25925925925925924,0.24691358024691357,Npromotor
promoter-118,0.20987654320987653,0.2716049382716049,0.19753086419753085,0.32098765432098764,Npromotor
promoter-119,0.3333333333333333,0.19753086419753085,0.14814814814814814,0.32098765432098764,Npromotor
promoter-120,0.2345679012345679,0.2222222222222222,0.20987654320987653,0.3333333333333333,Npromotor
promoter-121,0.2345679012345679,0.18518518518518517,0.19753086419753085,0.38271604938271603,Npromotor
promoter-122,0.2716049382716049,0.2222222222222222,0.2716049382716049,0.2345679012345679,Npromotor
promoter-123,0.38271604938271603,0.16049382716049382,0.14814814814814814,0.30864197530864196,Npromotor
promoter-124,0.30864197530864196,0.24691358024691357,0.16049382716049382,0.2839506172839506,Npromotor
promoter-125,0.2962962962962963,0.2345679012345679,0.1111111111111111,0.35802469135802467,Npromotor
promoter-126,0.2839506172839506,0.20987654320987653,0.20987654320987653,0.2962962962962963,Npromotor
promoter-127,0.3950617283950617,0.18518518518518517,0.1111111111111111,0.30864197530864196,Npromotor
promoter-128,0.2222222222222222,0.1728395061728395,0.2716049382716049,0.3333333333333333,Npromotor
promoter-129,0.20987654320987653,0.30864197530864196,0.18518518518518517,0.2962962962962963,Npromotor
promoter-130,0.2962962962962963,0.18518518518518517,0.24691358024691357,0.2716049382716049,Npromotor
promoter-131,0.3333333333333333,0.14814814814814814,0.24691358024691357,0.2716049382716049,Npromotor
promoter-132,0.20987654320987653,0.2345679012345679,0.2345679012345679,0.32098765432098764,Npromotor
promoter-133,0.2222222222222222,0.20987654320987653,0.2222222222222222,0.345679012345679,Npromotor
promoter-134,0.2962962962962963,0.16049382716049382,0.20987654320987653,0.3333333333333333,Npromotor
promoter-135,0.3333333333333333,0.2222222222222222,0.1728395061728395,0.2716049382716049,Npromotor
promoter-136,0.30864197530864196,0.2222222222222222,0.2345679012345679,0.2345679012345679,Npromotor
promoter-137,0.19753086419753085,0.2716049382716049,0.2962962962962963,0.2345679012345679,Npromotor
promoter-138,0.24691358024691357,0.2222222222222222,0.1728395061728395,0.35802469135802467,Npromotor
promoter-139,0.37037037037037035,0.14814814814814814,0.1728395061728395,0.30864197530864196,Npromotor
promoter-140,0.24691358024691357,0.18518518518518517,0.14814814814814814,0.41975308641975306,Npromotor
promoter-141,0.35802469135802467,0.2716049382716049,0.04938271604938271,0.32098765432098764,Npromotor
promoter-142,0.25925925925925924,0.18518518518518517,0.2345679012345679,0.32098765432098764,Npromotor
promoter-143,0.30864197530864196,0.14814814814814814,0.2345679012345679,0.30864197530864196,Npromotor
promoter-144,0.2222222222222222,0.18518518518518517,0.2716049382716049,0.32098765432098764,Npromotor
promoter-145,0.345679012345679,0.16049382716049382,0.18518518518518517,0.30864197530864196,Npromotor
promoter-146,0.19753086419753085,0.2839506172839506,0.25925925925925924,0.25925925925925924,Npromotor
promoter-147,0.2716049382716049,0.3333333333333333,0.16049382716049382,0.2345679012345679,Npromotor
promoter-148,0.2716049382716049,0.19753086419753085,0.2716049382716049,0.25925925925925924,Npromotor
promoter-149,0.2345679012345679,0.2222222222222222,0.2222222222222222,0.32098765432098764,Npromotor
promoter-150,0.30864197530864196,0.20987654320987653,0.19753086419753085,0.2839506172839506,Npromotor
promoter-151,0.1728395061728395,0.20987654320987653,0.24691358024691357,0.37037037037037035,Npromotor
promoter-152,0.3333333333333333,0.07407407407407407,0.18518518518518517,0.4074074074074074,Npromotor
promoter-153,0.24691358024691357,0.14814814814814814,0.19753086419753085,0.4074074074074074,Npromotor
promoter-154,0.2839506172839506,0.2345679012345679,0.20987654320987653,0.2716049382716049,Npromotor
promoter-155,0.20987654320987653,0.24691358024691357,0.1728395061728395,0.37037037037037035,Npromotor
promoter-156,0.345679012345679,0.16049382716049382,0.19753086419753085,0.2962962962962963,Npromotor
promoter-157,0.32098765432098764,0.1728395061728395,0.14814814814814814,0.35802469135802467,Npromotor
promoter-158,0.43209876543209874,0.25925925925925924,0.08641975308641975,0.2222222222222222,Npromotor
promoter-159,0.2839506172839506,0.1728395061728395,0.2839506172839506,0.25925925925925924,Npromotor
promoter-160,0.345679012345679,0.1728395061728395,0.14814814814814814,0.3333333333333333,Npromotor
promoter-161,0.2962962962962963,0.24691358024691357,0.18518518518518517,0.2716049382716049,Npromotor
promoter-162,0.2716049382716049,0.20987654320987653,0.16049382716049382,0.35802469135802467,Npromotor
promoter-163,0.345679012345679,0.13580246913580246,0.2839506172839506,0.2345679012345679,Npromotor
promoter-164,0.2716049382716049,0.18518518518518517,0.09876543209876543,0.4444444444444444,Npromotor
promoter-165,0.37037037037037035,0.18518518518518517,0.20987654320987653,0.2345679012345679,Npromotor
promoter-166,0.2716049382716049,0.1728395061728395,0.24691358024691357,0.30864197530864196,Npromotor
promoter-167,0.24691358024691357,0.2716049382716049,0.2222222222222222,0.25925925925925924,Npromotor
promoter-168,0.30864197530864196,0.24691358024691357,0.12345679012345678,0.32098765432098764,Npromotor
promoter-169,0.35802469135802467,0.1728395061728395,0.2839506172839506,0.18518518518518517,Npromotor
promoter-170,0.18518518518518517,0.2962962962962963,0.30864197530864196,0.20987654320987653,Npromotor
promoter-171,0.49382716049382713,0.1728395061728395,0.04938271604938271,0.2839506172839506,Npromotor
promoter-172,0.5185185185185185,0.14814814814814814,0.06172839506172839,0.2716049382716049,Npromotor
promoter-173,0.35802469135802467,0.12345679012345678,0.2716049382716049,0.24691358024691357,Npromotor
promoter-174,0.20987654320987653,0.2716049382716049,0.2345679012345679,0.2839506172839506,Npromotor
promoter-175,0.2345679012345679,0.24691358024691357,0.2222222222222222,0.2962962962962963,Npromotor
promoter-176,0.30864197530864196,0.1728395061728395,0.2345679012345679,0.2839506172839506,Npromotor
promoter-177,0.2345679012345679,0.20987654320987653,0.2345679012345679,0.32098765432098764,Npromotor
promoter-178,0.2962962962962963,0.24691358024691357,0.24691358024691357,0.20987654320987653,Npromotor
promoter-179,0.19753086419753085,0.25925925925925924,0.1728395061728395,0.37037037037037035,Npromotor
promoter-180,0.1728395061728395,0.19753086419753085,0.2222222222222222,0.4074074074074074,Npromotor
promoter-181,0.16049382716049382,0.24691358024691357,0.19753086419753085,0.3950617283950617,Npromotor
promoter-182,0.2839506172839506,0.19753086419753085,0.14814814814814814,0.37037037037037035,Npromotor
promoter-183,0.19753086419753085,0.19753086419753085,0.2716049382716049,0.3333333333333333,Npromotor
promoter-184,0.14814814814814814,0.2222222222222222,0.2839506172839506,0.345679012345679,Npromotor
promoter-185,0.16049382716049382,0.19753086419753085,0.2716049382716049,0.37037037037037035,Npromotor
promoter-186,0.20987654320987653,0.16049382716049382,0.2716049382716049,0.35802469135802467,Npromotor
promoter-187,0.35802469135802467,0.16049382716049382,0.18518518518518517,0.2962962962962963,Npromotor
promoter-188,0.38271604938271603,0.1111111111111111,0.13580246913580246,0.37037037037037035,Npromotor
promoter-189,0.35802469135802467,0.1111111111111111,0.16049382716049382,0.37037037037037035,Npromotor
promoter-190,0.3333333333333333,0.18518518518518517,0.18518518518518517,0.2962962962962963,Npromotor
promoter-191,0.30864197530864196,0.13580246913580246,0.1728395061728395,0.38271604938271603,Npromotor
promoter-192,0.18518518518518517,0.13580246913580246,0.16049382716049382,0.5185185185185185,Npromotor
promoter-193,0.2839506172839506,0.16049382716049382,0.1728395061728395,0.38271604938271603,Npromotor
promoter-194,0.3950617283950617,0.08641975308641975,0.2222222222222222,0.2962962962962963,Npromotor
promoter-195,0.41975308641975306,0.18518518518518517,0.07407407407407407,0.32098765432098764,Npromotor
promoter-196,0.35802469135802467,0.13580246913580246,0.16049382716049382,0.345679012345679,Npromotor
promoter-197,0.32098765432098764,0.2222222222222222,0.12345679012345678,0.3333333333333333,Npromotor
promoter-198,0.2716049382716049,0.2222222222222222,0.1728395061728395,0.3333333333333333,Npromotor
promoter-199,0.32098765432098764,0.2716049382716049,0.20987654320987653,0.19753086419753085,Npromotor
promoter-200,0.2345679012345679,0.2839506172839506,0.2222222222222222,0.25925925925925924,Npromotor
promoter-201,0.2839506172839506,0.24691358024691357,0.2839506172839506,0.18518518518518517,Npromotor
promoter-202,0.345679012345679,0.14814814814814814,0.1728395061728395,0.3333333333333333,Npromotor
promoter-203,0.345679012345679,0.1728395061728395,0.18518518518518517,0.2962962962962963,Npromotor
promoter-204,0.24691358024691357,0.20987654320987653,0.2222222222222222,0.32098765432098764,Npromotor
promoter-205,0.19753086419753085,0.2962962962962963,0.2716049382716049,0.2345679012345679,Npromotor
promoter-206,0.2222222222222222,0.18518518518518517,0.25925925925925924,0.3333333333333333,Npromotor
promoter-207,0.25925925925925924,0.18518518518518517,0.2345679012345679,0.32098765432098764,Npromotor
promoter-208,0.2962962962962963,0.07407407407407407,0.16049382716049382,0.4691358024691358,Npromotor
promoter-209,0.25925925925925924,0.2345679012345679,0.18518518518518517,0.32098765432098764,Npromotor
promoter-210,0.2839506172839506,0.20987654320987653,0.14814814814814814,0.35802469135802467,Npromotor
promoter-211,0.2962962962962963,0.2222222222222222,0.18518518518518517,0.2962962962962963,Npromotor
promoter-212,0.32098765432098764,0.19753086419753085,0.13580246913580246,0.345679012345679,Npromotor
promoter-213,0.3333333333333333,0.19753086419753085,0.12345679012345678,0.345679012345679,Npromotor
promoter-214,0.2962962962962963,0.1728395061728395,0.12345679012345678,0.4074074074074074,Npromotor
promoter-215,0.2962962962962963,0.18518518518518517,0.2716049382716049,0.24691358024691357,Npromotor
promoter-216,0.24691358024691357,0.1111111111111111,0.25925925925925924,0.38271604938271603,Npromotor
promoter-217,0.4567901234567901,0.1728395061728395,0.1111111111111111,0.25925925925925924,Npromotor
promoter-218,0.2839506172839506,0.2222222222222222,0.18518518518518517,0.30864197530864196,Npromotor
promoter-219,0.2839506172839506,0.1728395061728395,0.2222222222222222,0.32098765432098764,Npromotor
promoter-220,0.2716049382716049,0.32098765432098764,0.12345679012345678,0.2839506172839506,Npromotor
promoter-221,0.2962962962962963,0.20987654320987653,0.25925925925925924,0.2345679012345679,Npromotor
promoter-222,0.345679012345679,0.24691358024691357,0.2345679012345679,0.1728395061728395,Npromotor
promoter-223,0.3333333333333333,0.14814814814814814,0.2345679012345679,0.2839506172839506,Npromotor
promoter-224,0.25925925925925924,0.2222222222222222,0.24691358024691357,0.2716049382716049,Npromotor
promoter-225,0.24691358024691357,0.20987654320987653,0.24691358024691357,0.2962962962962963,Npromotor
promoter-226,0.2962962962962963,0.24691358024691357,0.2716049382716049,0.18518518518518517,Npromotor
promoter-227,0.2962962962962963,0.24691358024691357,0.2222222222222222,0.2345679012345679,Npromotor
promoter-228,0.2839506172839506,0.2345679012345679,0.24691358024691357,0.2345679012345679,Npromotor
promoter-229,0.20987654320987653,0.24691358024691357,0.20987654320987653,0.3333333333333333,Npromotor
promoter-230,0.2222222222222222,0.20987654320987653,0.18518518518518517,0.38271604938271603,Npromotor
promoter-231,0.2962962962962963,0.2345679012345679,0.2222222222222222,0.24691358024691357,Npromotor
promoter-232,0.20987654320987653,0.30864197530864196,0.25925925925925924,0.2222222222222222,Npromotor
promoter-233,0.2716049382716049,0.2716049382716049,0.2345679012345679,0.2222222222222222,Npromotor
promoter-234,0.24691358024691357,0.2716049382716049,0.20987654320987653,0.2716049382716049,Npromotor
promoter-235,0.2222222222222222,0.25925925925925924,0.12345679012345678,0.3950617283950617,Npromotor
promoter-236,0.25925925925925924,0.1728395061728395,0.25925925925925924,0.30864197530864196,Npromotor
promoter-237,0.37037037037037035,0.14814814814814814,0.25925925925925924,0.2222222222222222,Npromotor
promoter-238,0.2716049382716049,0.16049382716049382,0.25925925925925924,0.30864197530864196,Npromotor
promoter-239,0.2345679012345679,0.2716049382716049,0.25925925925925924,0.2345679012345679,Npromotor
promoter-240,0.24691358024691357,0.30864197530864196,0.19753086419753085,0.24691358024691357,Npromotor
promoter-241,0.38271604938271603,0.2345679012345679,0.14814814814814814,0.2345679012345679,Npromotor
promoter-242,0.32098765432098764,0.1728395061728395,0.18518518518518517,0.32098765432098764,Npromotor
promoter-243,0.2962962962962963,0.18518518518518517,0.2222222222222222,0.2962962962962963,Npromotor
promoter-244,0.32098765432098764,0.19753086419753085,0.24691358024691357,0.2345679012345679,Npromotor
promoter-245,0.24691358024691357,0.25925925925925924,0.2345679012345679,0.25925925925925924,Npromotor
promoter-246,0.20987654320987653,0.1728395061728395,0.2839506172839506,0.3333333333333333,Npromotor
promoter-247,0.19753086419753085,0.16049382716049382,0.2345679012345679,0.4074074074074074,Npromotor
promoter-248,0.32098765432098764,0.18518518518518517,0.19753086419753085,0.2962962962962963,Npromotor
promoter-249,0.2716049382716049,0.2345679012345679,0.20987654320987653,0.2839506172839506,Npromotor
promoter-250,0.2222222222222222,0.1728395061728395,0.20987654320987653,0.3950617283950617,Npromotor
promoter-251,0.345679012345679,0.2222222222222222,0.1111111111111111,0.32098765432098764,Npromotor
promoter-252,0.24691358024691357,0.19753086419753085,0.2222222222222222,0.3333333333333333,Npromotor
promoter-253,0.24691358024691357,0.25925925925925924,0.20987654320987653,0.2839506172839506,Npromotor
promoter-254,0.2716049382716049,0.2345679012345679,0.16049382716049382,0.3333333333333333,Npromotor
promoter-255,0.3333333333333333,0.14814814814814814,0.12345679012345678,0.3950617283950617,Npromotor
promoter-256,0.24691358024691357,0.1728395061728395,0.25925925925925924,0.32098765432098764,Npromotor
promoter-257,0.37037037037037035,0.1728395061728395,0.18518518518518517,0.2716049382716049,Npromotor
promoter-258,0.3333333333333333,0.2222222222222222,0.2345679012345679,0.20987654320987653,Npromotor
promoter-259,0.37037037037037035,0.1728395061728395,0.13580246913580246,0.32098765432098764,Npromotor
promoter-260,0.32098765432098764,0.12345679012345678,0.18518518518518517,0.37037037037037035,Npromotor
promoter-261,0.2839506172839506,0.19753086419753085,0.2345679012345679,0.2839506172839506,Npromotor
promoter-262,0.2345679012345679,0.20987654320987653,0.25925925925925924,0.2962962962962963,Npromotor
promoter-263,0.24691358024691357,0.19753086419753085,0.2716049382716049,0.2839506172839506,Npromotor
promoter-264,0.20987654320987653,0.18518518518518517,0.19753086419753085,0.4074074074074074,Npromotor
promoter-265,0.2222222222222222,0.20987654320987653,0.25925925925925924,0.30864197530864196,Npromotor
promoter-266,0.4074074074074074,0.16049382716049382,0.16049382716049382,0.2716049382716049,Npromotor
promoter-267,0.2962962962962963,0.2222222222222222,0.1728395061728395,0.30864197530864196,Npromotor
promoter-268,0.20987654320987653,0.2716049382716049,0.20987654320987653,0.30864197530864196,Npromotor
promoter-269,0.24691358024691357,0.2716049382716049,0.2345679012345679,0.24691358024691357,Npromotor
promoter-270,0.345679012345679,0.1728395061728395,0.19753086419753085,0.2839506172839506,Npromotor
promoter-271,0.37037037037037035,0.14814814814814814,0.2222222222222222,0.25925925925925924,Npromotor
promoter-272,0.24691358024691357,0.18518518518518517,0.16049382716049382,0.4074074074074074,Npromotor
promoter-273,0.24691358024691357,0.16049382716049382,0.2345679012345679,0.35802469135802467,Npromotor
promoter-274,0.2345679012345679,0.19753086419753085,0.25925925925925924,0.30864197530864196,Npromotor
promoter-275,0.24691358024691357,0.2839506172839506,0.1728395061728395,0.2962962962962963,Npromotor
promoter-276,0.32098765432098764,0.2222222222222222,0.16049382716049382,0.2962962962962963,Npromotor
promoter-277,0.30864197530864196,0.14814814814814814,0.2345679012345679,0.30864197530864196,Npromotor
promoter-278,0.2345679012345679,0.2716049382716049,0.1728395061728395,0.32098765432098764,Npromotor
promoter-279,0.3950617283950617,0.2222222222222222,0.1728395061728395,0.20987654320987653,Npromotor
promoter-280,0.38271604938271603,0.2345679012345679,0.1728395061728395,0.20987654320987653,Npromotor
promoter-281,0.35802469135802467,0.24691358024691357,0.16049382716049382,0.2345679012345679,Npromotor
promoter-282,0.3950617283950617,0.2222222222222222,0.1728395061728395,0.20987654320987653,Npromotor
promoter-283,0.32098765432098764,0.25925925925925924,0.2716049382716049,0.14814814814814814,Npromotor
promoter-284,0.37037037037037035,0.14814814814814814,0.19753086419753085,0.2839506172839506,Npromotor
promoter-285,0.2222222222222222,0.2222222222222222,0.30864197530864196,0.24691358024691357,Npromotor
promoter-286,0.25925925925925924,0.2716049382716049,0.19753086419753085,0.2716049382716049,Npromotor
promoter-287,0.37037037037037035,0.18518518518518517,0.16049382716049382,0.2839506172839506,Npromotor
promoter-288,0.2716049382716049,0.14814814814814814,0.2839506172839506,0.2962962962962963,Npromotor
promoter-289,0.19753086419753085,0.25925925925925924,0.18518518518518517,0.35802469135802467,Npromotor
promoter-290,0.37037037037037035,0.1111111111111111,0.1728395061728395,0.345679012345679,Npromotor
promoter-291,0.14814814814814814,0.3333333333333333,0.1728395061728395,0.345679012345679,Npromotor
promoter-292,0.2716049382716049,0.2716049382716049,0.19753086419753085,0.25925925925925924,Npromotor
promoter-293,0.2839506172839506,0.1728395061728395,0.14814814814814814,0.3950617283950617,Npromotor
promoter-294,0.2222222222222222,0.2716049382716049,0.2345679012345679,0.2716049382716049,Npromotor
promoter-295,0.19753086419753085,0.20987654320987653,0.13580246913580246,0.4567901234567901,Npromotor
promoter-296,0.25925925925925924,0.2222222222222222,0.19753086419753085,0.32098765432098764,Npromotor
promoter-297,0.25925925925925924,0.25925925925925924,0.18518518518518517,0.2962962962962963,Npromotor
promoter-298,0.35802469135802467,0.2345679012345679,0.18518518518518517,0.2222222222222222,Npromotor
promoter-299,0.30864197530864196,0.2345679012345679,0.2345679012345679,0.2222222222222222,Npromotor
promoter-300,0.18518518518518517,0.18518518518518517,0.2222222222222222,0.4074074074074074,Npromotor
promoter-301,0.3333333333333333,0.2716049382716049,0.16049382716049382,0.2345679012345679,Npromotor
promoter-302,0.3333333333333333,0.24691358024691357,0.2716049382716049,0.14814814814814814,Npromotor
promoter-303,0.3333333333333333,0.2716049382716049,0.16049382716049382,0.2345679012345679,Npromotor
promoter-304,0.3333333333333333,0.24691358024691357,0.2716049382716049,0.14814814814814814,Npromotor
promoter-305,0.3333333333333333,0.2716049382716049,0.16049382716049382,0.2345679012345679,Npromotor
promoter-306,0.345679012345679,0.24691358024691357,0.25925925925925924,0.14814814814814814,Npromotor
promoter-307,0.43209876543209874,0.19753086419753085,0.18518518518518517,0.18518518518518517,Npromotor
promoter-308,0.3950617283950617,0.18518518518518517,0.24691358024691357,0.1728395061728395,Npromotor
promoter-309,0.20987654320987653,0.25925925925925924,0.2222222222222222,0.30864197530864196,Npromotor
promoter-310,0.37037037037037035,0.19753086419753085,0.25925925925925924,0.1728395061728395,Npromotor
promoter-311,0.2962962962962963,0.25925925925925924,0.18518518518518517,0.25925925925925924,Npromotor
promoter-312,0.345679012345679,0.24691358024691357,0.25925925925925924,0.14814814814814814,Npromotor
promoter-313,0.24691358024691357,0.2716049382716049,0.19753086419753085,0.2839506172839506,Npromotor
promoter-314,0.38271604938271603,0.18518518518518517,0.25925925925925924,0.1728395061728395,Npromotor
promoter-315,0.24691358024691357,0.24691358024691357,0.13580246913580246,0.37037037037037035,Npromotor
promoter-316,0.37037037037037035,0.12345679012345678,0.14814814814814814,0.35802469135802467,Npromotor
promoter-317,0.2716049382716049,0.18518518518518517,0.30864197530864196,0.2345679012345679,Npromotor
promoter-318,0.32098765432098764,0.13580246913580246,0.2222222222222222,0.32098765432098764,Npromotor
promoter-319,0.2839506172839506,0.14814814814814814,0.2345679012345679,0.3333333333333333,Npromotor
promoter-320,0.2962962962962963,0.24691358024691357,0.2345679012345679,0.2222222222222222,Npromotor
promoter-321,0.2962962962962963,0.16049382716049382,0.24691358024691357,0.2962962962962963,Npromotor
promoter-322,0.1728395061728395,0.2962962962962963,0.2222222222222222,0.30864197530864196,Npromotor
promoter-323,0.25925925925925924,0.2222222222222222,0.24691358024691357,0.2716049382716049,Npromotor
promoter-324,0.2716049382716049,0.14814814814814814,0.16049382716049382,0.41975308641975306,Npromotor
promoter-325,0.2839506172839506,0.24691358024691357,0.19753086419753085,0.2716049382716049,Npromotor
promoter-326,0.18518518518518517,0.24691358024691357,0.25925925925925924,0.30864197530864196,Npromotor
promoter-327,0.2962962962962963,0.19753086419753085,0.2222222222222222,0.2839506172839506,Npromotor
promoter-328,0.25925925925925924,0.19753086419753085,0.2345679012345679,0.30864197530864196,Npromotor
promoter-329,0.32098765432098764,0.2222222222222222,0.18518518518518517,0.2716049382716049,Npromotor
promoter-330,0.2962962962962963,0.24691358024691357,0.13580246913580246,0.32098765432098764,Npromotor
promoter-331,0.2962962962962963,0.18518518518518517,0.2222222222222222,0.2962962962962963,Npromotor
promoter-332,0.24691358024691357,0.20987654320987653,0.32098765432098764,0.2222222222222222,Npromotor
promoter-333,0.32098765432098764,0.2345679012345679,0.25925925925925924,0.18518518518518517,Npromotor
promoter-334,0.38271604938271603,0.14814814814814814,0.2345679012345679,0.2345679012345679,Npromotor
promoter-335,0.24691358024691357,0.2839506172839506,0.13580246913580246,0.3333333333333333,Npromotor
promoter-336,0.2962962962962963,0.2345679012345679,0.19753086419753085,0.2716049382716049,Npromotor
promoter-337,0.24691358024691357,0.35802469135802467,0.2222222222222222,0.1728395061728395,Npromotor
promoter-338,0.2839506172839506,0.18518518518518517,0.20987654320987653,0.32098765432098764,Npromotor
promoter-339,0.32098765432098764,0.2222222222222222,0.18518518518518517,0.2716049382716049,Npromotor
promoter-340,0.3333333333333333,0.18518518518518517,0.2716049382716049,0.20987654320987653,Npromotor
promoter-341,0.3950617283950617,0.1111111111111111,0.16049382716049382,0.3333333333333333,Npromotor
promoter-342,0.2716049382716049,0.2345679012345679,0.16049382716049382,0.3333333333333333,Npromotor
promoter-343,0.37037037037037035,0.18518518518518517,0.12345679012345678,0.32098765432098764,Npromotor
promoter-344,0.24691358024691357,0.2345679012345679,0.16049382716049382,0.35802469135802467,Npromotor
promoter-345,0.345679012345679,0.20987654320987653,0.1728395061728395,0.2716049382716049,Npromotor
promoter-346,0.2839506172839506,0.2222222222222222,0.19753086419753085,0.2962962962962963,Npromotor
promoter-347,0.3333333333333333,0.12345679012345678,0.2345679012345679,0.30864197530864196,Npromotor
promoter-348,0.30864197530864196,0.19753086419753085,0.2345679012345679,0.25925925925925924,Npromotor
promoter-349,0.14814814814814814,0.32098765432098764,0.19753086419753085,0.3333333333333333,Npromotor
promoter-350,0.32098765432098764,0.20987654320987653,0.24691358024691357,0.2222222222222222,Npromotor
promoter-351,0.19753086419753085,0.2962962962962963,0.18518518518518517,0.32098765432098764,Npromotor
promoter-352,0.24691358024691357,0.20987654320987653,0.19753086419753085,0.345679012345679,Npromotor
promoter-353,0.24691358024691357,0.2716049382716049,0.14814814814814814,0.3333333333333333,Npromotor
promoter-354,0.2962962962962963,0.20987654320987653,0.1728395061728395,0.32098765432098764,Npromotor
promoter-355,0.37037037037037035,0.12345679012345678,0.2222222222222222,0.2839506172839506,Npromotor
promoter-356,0.20987654320987653,0.14814814814814814,0.18518518518518517,0.4567901234567901,Npromotor
promoter-357,0.20987654320987653,0.30864197530864196,0.1728395061728395,0.30864197530864196,Npromotor
promoter-358,0.16049382716049382,0.30864197530864196,0.2222222222222222,0.30864197530864196,Npromotor
promoter-359,0.35802469135802467,0.16049382716049382,0.25925925925925924,0.2222222222222222,Npromotor
promoter-360,0.37037037037037035,0.14814814814814814,0.16049382716049382,0.32098765432098764,Npromotor
promoter-361,0.24691358024691357,0.2345679012345679,0.2345679012345679,0.2839506172839506,Npromotor
promoter-362,0.345679012345679,0.24691358024691357,0.1111111111111111,0.2962962962962963,Npromotor
promoter-363,0.2222222222222222,0.2222222222222222,0.25925925925925924,0.2962962962962963,Npromotor
promoter-364,0.30864197530864196,0.19753086419753085,0.20987654320987653,0.2839506172839506,Npromotor
promoter-365,0.35802469135802467,0.19753086419753085,0.13580246913580246,0.30864197530864196,Npromotor
promoter-366,0.3333333333333333,0.18518518518518517,0.09876543209876543,0.38271604938271603,Npromotor
promoter-367,0.2839506172839506,0.19753086419753085,0.20987654320987653,0.30864197530864196,Npromotor
promoter-368,0.18518518518518517,0.2716049382716049,0.25925925925925924,0.2839506172839506,Npromotor
promoter-369,0.24691358024691357,0.20987654320987653,0.18518518518518517,0.35802469135802467,Npromotor
promoter-370,0.2345679012345679,0.1728395061728395,0.2716049382716049,0.32098765432098764,Npromotor
promoter-371,0.2962962962962963,0.19753086419753085,0.18518518518518517,0.32098765432098764,Npromotor
promoter-372,0.345679012345679,0.16049382716049382,0.2222222222222222,0.2716049382716049,Npromotor
promoter-373,0.345679012345679,0.16049382716049382,0.13580246913580246,0.35802469135802467,Npromotor
promoter-374,0.30864197530864196,0.13580246913580246,0.14814814814814814,0.4074074074074074,Npromotor
promoter-375,0.19753086419753085,0.2716049382716049,0.30864197530864196,0.2222222222222222,Npromotor
promoter-376,0.2345679012345679,0.2839506172839506,0.2345679012345679,0.24691358024691357,Npromotor
promoter-377,0.2222222222222222,0.20987654320987653,0.30864197530864196,0.25925925925925924,Npromotor
promoter-378,0.2839506172839506,0.2222222222222222,0.20987654320987653,0.2839506172839506,Npromotor
promoter-379,0.2716049382716049,0.18518518518518517,0.2345679012345679,0.30864197530864196,Npromotor
promoter-380,0.19753086419753085,0.25925925925925924,0.12345679012345678,0.41975308641975306,Npromotor
promoter-381,0.32098765432098764,0.1728395061728395,0.2839506172839506,0.2222222222222222,Npromotor
promoter-382,0.20987654320987653,0.25925925925925924,0.2222222222222222,0.30864197530864196,Npromotor
promoter-383,0.20987654320987653,0.19753086419753085,0.20987654320987653,0.38271604938271603,Npromotor
promoter-384,0.4567901234567901,0.2345679012345679,0.06172839506172839,0.24691358024691357,Npromotor
promoter-385,0.3333333333333333,0.13580246913580246,0.20987654320987653,0.32098765432098764,Npromotor
promoter-386,0.3333333333333333,0.24691358024691357,0.13580246913580246,0.2839506172839506,Npromotor
promoter-387,0.2839506172839506,0.16049382716049382,0.2345679012345679,0.32098765432098764,Npromotor
promoter-388,0.2962962962962963,0.2222222222222222,0.19753086419753085,0.2839506172839506,Npromotor
promoter-389,0.2962962962962963,0.1111111111111111,0.24691358024691357,0.345679012345679,Npromotor
promoter-390,0.32098765432098764,0.20987654320987653,0.19753086419753085,0.2716049382716049,Npromotor
promoter-391,0.345679012345679,0.18518518518518517,0.2222222222222222,0.24691358024691357,Npromotor
promoter-392,0.32098765432098764,0.20987654320987653,0.2345679012345679,0.2345679012345679,Npromotor
promoter-393,0.30864197530864196,0.2222222222222222,0.1728395061728395,0.2962962962962963,Npromotor
promoter-394,0.2839506172839506,0.2716049382716049,0.08641975308641975,0.35802469135802467,Npromotor
promoter-395,0.20987654320987653,0.2345679012345679,0.32098765432098764,0.2345679012345679,Npromotor
promoter-396,0.2716049382716049,0.2222222222222222,0.30864197530864196,0.19753086419753085,Npromotor
promoter-397,0.32098765432098764,0.24691358024691357,0.2345679012345679,0.19753086419753085,Npromotor
promoter-398,0.345679012345679,0.1728395061728395,0.2222222222222222,0.25925925925925924,Npromotor
promoter-399,0.19753086419753085,0.14814814814814814,0.30864197530864196,0.345679012345679,Npromotor
promoter-400,0.345679012345679,0.18518518518518517,0.2222222222222222,0.24691358024691357,Npromotor
promoter-401,0.32098765432098764,0.24691358024691357,0.18518518518518517,0.24691358024691357,Npromotor
promoter-402,0.30864197530864196,0.2222222222222222,0.19753086419753085,0.2716049382716049,Npromotor
promoter-403,0.24691358024691357,0.16049382716049382,0.2345679012345679,0.35802469135802467,Npromotor
promoter-404,0.25925925925925924,0.2222222222222222,0.2345679012345679,0.2839506172839506,Npromotor
promoter-405,0.30864197530864196,0.2716049382716049,0.18518518518518517,0.2345679012345679,Npromotor
promoter-406,0.345679012345679,0.12345679012345678,0.09876543209876543,0.43209876543209874,Npromotor
promoter-407,0.2962962962962963,0.09876543209876543,0.13580246913580246,0.4691358024691358,Npromotor
promoter-408,0.19753086419753085,0.25925925925925924,0.18518518518518517,0.35802469135802467,Npromotor
promoter-409,0.2222222222222222,0.18518518518518517,0.14814814814814814,0.4444444444444444,Npromotor
promoter-410,0.2345679012345679,0.24691358024691357,0.2345679012345679,0.2839506172839506,Npromotor
promoter-411,0.2962962962962963,0.16049382716049382,0.2222222222222222,0.32098765432098764,Npromotor
promoter-412,0.345679012345679,0.1111111111111111,0.1728395061728395,0.37037037037037035,Npromotor
promoter-413,0.32098765432098764,0.12345679012345678,0.1728395061728395,0.38271604938271603,Npromotor
promoter-414,0.2222222222222222,0.2345679012345679,0.1728395061728395,0.37037037037037035,Npromotor
promoter-415,0.2716049382716049,0.16049382716049382,0.13580246913580246,0.43209876543209874,Npromotor
promoter-416,0.2716049382716049,0.16049382716049382,0.2222222222222222,0.345679012345679,Npromotor
promoter-417,0.24691358024691357,0.2222222222222222,0.20987654320987653,0.32098765432098764,Npromotor
promoter-418,0.2839506172839506,0.24691358024691357,0.1111111111111111,0.35802469135802467,Npromotor
promoter-419,0.24691358024691357,0.14814814814814814,0.2222222222222222,0.38271604938271603,Npromotor
promoter-420,0.2839506172839506,0.2345679012345679,0.13580246913580246,0.345679012345679,Npromotor
promoter-421,0.30864197530864196,0.18518518518518517,0.1728395061728395,0.3333333333333333,Npromotor
promoter-422,0.38271604938271603,0.14814814814814814,0.09876543209876543,0.37037037037037035,Npromotor
promoter-423,0.30864197530864196,0.12345679012345678,0.14814814814814814,0.41975308641975306,Npromotor
promoter-424,0.2962962962962963,0.14814814814814814,0.2716049382716049,0.2839506172839506,Npromotor
promoter-425,0.35802469135802467,0.20987654320987653,0.1111111111111111,0.32098765432098764,Npromotor
promoter-426,0.32098765432098764,0.1728395061728395,0.16049382716049382,0.345679012345679,Npromotor
promoter-427,0.345679012345679,0.2222222222222222,0.12345679012345678,0.30864197530864196,Npromotor
promoter-428,0.35802469135802467,0.16049382716049382,0.09876543209876543,0.38271604938271603,Npromotor
promoter-429,0.48148148148148145,0.12345679012345678,0.1111111111111111,0.2839506172839506,Npromotor
promoter-430,0.30864197530864196,0.18518518518518517,0.18518518518518517,0.32098765432098764,Npromotor
promoter-431,0.35802469135802467,0.13580246913580246,0.14814814814814814,0.35802469135802467,Npromotor
promoter-432,0.32098765432098764,0.1728395061728395,0.14814814814814814,0.35802469135802467,Npromotor
promoter-433,0.30864197530864196,0.07407407407407407,0.20987654320987653,0.4074074074074074,Npromotor
promoter-434,0.2962962962962963,0.25925925925925924,0.18518518518518517,0.25925925925925924,Npromotor
promoter-435,0.24691358024691357,0.1728395061728395,0.32098765432098764,0.25925925925925924,Npromotor
promoter-436,0.2345679012345679,0.2222222222222222,0.2716049382716049,0.2716049382716049,Npromotor
promoter-437,0.25925925925925924,0.19753086419753085,0.24691358024691357,0.2962962962962963,Npromotor
promoter-438,0.3333333333333333,0.30864197530864196,0.14814814814814814,0.20987654320987653,Npromotor
promoter-439,0.32098765432098764,0.2716049382716049,0.1111111111111111,0.2962962962962963,Npromotor
promoter-440,0.18518518518518517,0.18518518518518517,0.2345679012345679,0.3950617283950617,Npromotor
promoter-441,0.3950617283950617,0.14814814814814814,0.2345679012345679,0.2222222222222222,Npromotor
promoter-442,0.24691358024691357,0.2839506172839506,0.24691358024691357,0.2222222222222222,Npromotor
promoter-443,0.30864197530864196,0.19753086419753085,0.13580246913580246,0.35802469135802467,Npromotor
promoter-444,0.30864197530864196,0.18518518518518517,0.1728395061728395,0.3333333333333333,Npromotor
promoter-445,0.25925925925925924,0.2839506172839506,0.2345679012345679,0.2222222222222222,Npromotor
promoter-446,0.35802469135802467,0.20987654320987653,0.12345679012345678,0.30864197530864196,Npromotor
promoter-447,0.19753086419753085,0.20987654320987653,0.19753086419753085,0.3950617283950617,Npromotor
promoter-448,0.345679012345679,0.2345679012345679,0.1728395061728395,0.24691358024691357,Npromotor
promoter-449,0.38271604938271603,0.18518518518518517,0.16049382716049382,0.2716049382716049,Npromotor
promoter-450,0.3333333333333333,0.07407407407407407,0.16049382716049382,0.43209876543209874,Npromotor
promoter-451,0.37037037037037035,0.1728395061728395,0.18518518518518517,0.2716049382716049,Npromotor
promoter-452,0.2222222222222222,0.16049382716049382,0.2222222222222222,0.3950617283950617,Npromotor
promoter-453,0.3950617283950617,0.18518518518518517,0.14814814814814814,0.2716049382716049,Npromotor
promoter-454,0.3333333333333333,0.13580246913580246,0.24691358024691357,0.2839506172839506,Npromotor
promoter-455,0.345679012345679,0.19753086419753085,0.20987654320987653,0.24691358024691357,Npromotor
promoter-456,0.2345679012345679,0.2222222222222222,0.2222222222222222,0.32098765432098764,Npromotor
promoter-457,0.20987654320987653,0.16049382716049382,0.18518518518518517,0.4444444444444444,Npromotor
promoter-458,0.35802469135802467,0.14814814814814814,0.16049382716049382,0.3333333333333333,Npromotor
promoter-459,0.32098765432098764,0.19753086419753085,0.18518518518518517,0.2962962962962963,Npromotor
promoter-460,0.38271604938271603,0.2222222222222222,0.1728395061728395,0.2222222222222222,Npromotor
promoter-461,0.2345679012345679,0.19753086419753085,0.18518518518518517,0.38271604938271603,Npromotor
promoter-462,0.2839506172839506,0.25925925925925924,0.1728395061728395,0.2839506172839506,Npromotor
promoter-463,0.3333333333333333,0.12345679012345678,0.19753086419753085,0.345679012345679,Npromotor
promoter-464,0.2839506172839506,0.14814814814814814,0.25925925925925924,0.30864197530864196,Npromotor
promoter-465,0.2962962962962963,0.14814814814814814,0.20987654320987653,0.345679012345679,Npromotor
promoter-466,0.37037037037037035,0.18518518518518517,0.1728395061728395,0.2716049382716049,Npromotor
promoter-467,0.2962962962962963,0.24691358024691357,0.2839506172839506,0.1728395061728395,Npromotor
promoter-468,0.32098765432098764,0.13580246913580246,0.18518518518518517,0.35802469135802467,Npromotor
promoter-469,0.2716049382716049,0.13580246913580246,0.18518518518518517,0.4074074074074074,Npromotor
promoter-470,0.32098765432098764,0.2222222222222222,0.19753086419753085,0.25925925925925924,Npromotor
promoter-471,0.2839506172839506,0.1728395061728395,0.25925925925925924,0.2839506172839506,Npromotor
promoter-472,0.345679012345679,0.14814814814814814,0.16049382716049382,0.345679012345679,Npromotor
promoter-473,0.35802469135802467,0.13580246913580246,0.1728395061728395,0.3333333333333333,Npromotor
promoter-474,0.2716049382716049,0.16049382716049382,0.19753086419753085,0.37037037037037035,Npromotor
promoter-475,0.2962962962962963,0.19753086419753085,0.14814814814814814,0.35802469135802467,Npromotor
promoter-476,0.30864197530864196,0.19753086419753085,0.2222222222222222,0.2716049382716049,Npromotor
promoter-477,0.2716049382716049,0.2222222222222222,0.14814814814814814,0.35802469135802467,Npromotor
promoter-478,0.20987654320987653,0.20987654320987653,0.2839506172839506,0.2962962962962963,Npromotor
promoter-479,0.25925925925925924,0.14814814814814814,0.19753086419753085,0.3950617283950617,Npromotor
promoter-480,0.2839506172839506,0.19753086419753085,0.19753086419753085,0.32098765432098764,Npromotor
promoter-481,0.32098765432098764,0.16049382716049382,0.18518518518518517,0.3333333333333333,Npromotor
promoter-482,0.19753086419753085,0.20987654320987653,0.2839506172839506,0.30864197530864196,Npromotor
promoter-483,0.2716049382716049,0.1728395061728395,0.18518518518518517,0.37037037037037035,Npromotor
promoter-484,0.24691358024691357,0.25925925925925924,0.18518518518518517,0.30864197530864196,Npromotor
promoter-485,0.32098765432098764,0.14814814814814814,0.2716049382716049,0.25925925925925924,Npromotor
promoter-486,0.2962962962962963,0.12345679012345678,0.20987654320987653,0.37037037037037035,Npromotor
promoter-487,0.38271604938271603,0.19753086419753085,0.25925925925925924,0.16049382716049382,Npromotor
promoter-488,0.3950617283950617,0.19753086419753085,0.1728395061728395,0.2345679012345679,Npromotor
promoter-489,0.2345679012345679,0.24691358024691357,0.1111111111111111,0.4074074074074074,Npromotor
promoter-490,0.35802469135802467,0.2222222222222222,0.1728395061728395,0.24691358024691357,Npromotor
promoter-491,0.30864197530864196,0.2345679012345679,0.20987654320987653,0.24691358024691357,Npromotor
promoter-492,0.18518518518518517,0.25925925925925924,0.20987654320987653,0.345679012345679,Npromotor
promoter-493,0.3333333333333333,0.13580246913580246,0.1728395061728395,0.35802469135802467,Npromotor
promoter-494,0.2962962962962963,0.19753086419753085,0.18518518518518517,0.32098765432098764,Npromotor
promoter-495,0.2839506172839506,0.2345679012345679,0.2345679012345679,0.24691358024691357,Npromotor
promoter-496,0.345679012345679,0.14814814814814814,0.19753086419753085,0.30864197530864196,Npromotor
promoter-497,0.37037037037037035,0.16049382716049382,0.18518518518518517,0.2839506172839506,Npromotor
promoter-498,0.32098765432098764,0.18518518518518517,0.20987654320987653,0.2839506172839506,Npromotor
promoter-499,0.2962962962962963,0.2345679012345679,0.20987654320987653,0.25925925925925924,Npromotor
promoter-500,0.1111111111111111,0.4074074074074074,0.16049382716049382,0.32098765432098764,Npromotor
promoter-501,0.25925925925925924,0.2222222222222222,0.2716049382716049,0.24691358024691357,Npromotor
promoter-502,0.2345679012345679,0.19753086419753085,0.1728395061728395,0.3950617283950617,Npromotor
promoter-503,0.2222222222222222,0.19753086419753085,0.24691358024691357,0.3333333333333333,Npromotor
promoter-504,0.37037037037037035,0.20987654320987653,0.13580246913580246,0.2839506172839506,Npromotor
promoter-505,0.35802469135802467,0.1111111111111111,0.2222222222222222,0.30864197530864196,Npromotor
promoter-506,0.2962962962962963,0.12345679012345678,0.19753086419753085,0.38271604938271603,Npromotor
promoter-507,0.37037037037037035,0.14814814814814814,0.2222222222222222,0.25925925925925924,Npromotor
promoter-508,0.37037037037037035,0.13580246913580246,0.19753086419753085,0.2962962962962963,Npromotor
promoter-509,0.25925925925925924,0.1728395061728395,0.1728395061728395,0.3950617283950617,Npromotor
promoter-510,0.2839506172839506,0.16049382716049382,0.2222222222222222,0.3333333333333333,Npromotor
promoter-511,0.30864197530864196,0.2222222222222222,0.20987654320987653,0.25925925925925924,Npromotor
promoter-512,0.35802469135802467,0.25925925925925924,0.12345679012345678,0.25925925925925924,Npromotor
promoter-513,0.30864197530864196,0.16049382716049382,0.1728395061728395,0.35802469135802467,Npromotor
promoter-514,0.2962962962962963,0.2222222222222222,0.16049382716049382,0.32098765432098764,Npromotor
promoter-515,0.19753086419753085,0.1728395061728395,0.32098765432098764,0.30864197530864196,Npromotor
promoter-516,0.14814814814814814,0.2962962962962963,0.16049382716049382,0.3950617283950617,Npromotor
promoter-517,0.24691358024691357,0.2222222222222222,0.16049382716049382,0.37037037037037035,Npromotor
promoter-518,0.37037037037037035,0.1728395061728395,0.13580246913580246,0.32098765432098764,Npromotor
promoter-519,0.24691358024691357,0.2716049382716049,0.25925925925925924,0.2222222222222222,Npromotor
promoter-520,0.2716049382716049,0.1728395061728395,0.18518518518518517,0.37037037037037035,Npromotor
promoter-521,0.32098765432098764,0.09876543209876543,0.24691358024691357,0.3333333333333333,Npromotor
promoter-522,0.2716049382716049,0.13580246913580246,0.38271604938271603,0.20987654320987653,Npromotor
promoter-523,0.43209876543209874,0.1111111111111111,0.1728395061728395,0.2839506172839506,Npromotor
promoter-524,0.2839506172839506,0.2222222222222222,0.25925925925925924,0.2345679012345679,Npromotor
promoter-525,0.2962962962962963,0.25925925925925924,0.2345679012345679,0.20987654320987653,Npromotor
promoter-526,0.2345679012345679,0.2222222222222222,0.25925925925925924,0.2839506172839506,Npromotor
promoter-527,0.3950617283950617,0.2222222222222222,0.16049382716049382,0.2222222222222222,Npromotor
promoter-528,0.24691358024691357,0.18518518518518517,0.13580246913580246,0.43209876543209874,Npromotor
promoter-529,0.2345679012345679,0.19753086419753085,0.20987654320987653,0.35802469135802467,Npromotor
promoter-530,0.37037037037037035,0.13580246913580246,0.1728395061728395,0.32098765432098764,Npromotor
promoter-531,0.2345679012345679,0.25925925925925924,0.18518518518518517,0.32098765432098764,Npromotor
promoter-532,0.25925925925925924,0.1728395061728395,0.25925925925925924,0.30864197530864196,Npromotor
promoter-533,0.30864197530864196,0.1728395061728395,0.25925925925925924,0.25925925925925924,Npromotor
promoter-534,0.24691358024691357,0.19753086419753085,0.2716049382716049,0.2839506172839506,Npromotor
promoter-535,0.25925925925925924,0.2222222222222222,0.2839506172839506,0.2345679012345679,Npromotor
promoter-536,0.25925925925925924,0.3333333333333333,0.18518518518518517,0.2222222222222222,Npromotor
promoter-537,0.2222222222222222,0.18518518518518517,0.2222222222222222,0.37037037037037035,Npromotor
promoter-538,0.18518518518518517,0.3333333333333333,0.30864197530864196,0.1728395061728395,Npromotor
promoter-539,0.2345679012345679,0.2222222222222222,0.12345679012345678,0.41975308641975306,Npromotor
promoter-540,0.2962962962962963,0.2345679012345679,0.18518518518518517,0.2839506172839506,Npromotor
promoter-541,0.16049382716049382,0.2839506172839506,0.16049382716049382,0.3950617283950617,Npromotor
promoter-542,0.1728395061728395,0.14814814814814814,0.24691358024691357,0.43209876543209874,Npromotor
promoter-543,0.3333333333333333,0.2222222222222222,0.16049382716049382,0.2839506172839506,Npromotor
promoter-544,0.25925925925925924,0.2716049382716049,0.24691358024691357,0.2222222222222222,Npromotor
promoter-545,0.43209876543209874,0.1728395061728395,0.1728395061728395,0.2222222222222222,Npromotor
promoter-546,0.2222222222222222,0.24691358024691357,0.19753086419753085,0.3333333333333333,Npromotor
promoter-547,0.2962962962962963,0.25925925925925924,0.2345679012345679,0.20987654320987653,Npromotor
promoter-548,0.25925925925925924,0.24691358024691357,0.24691358024691357,0.24691358024691357,Npromotor
promoter-549,0.2839506172839506,0.2222222222222222,0.20987654320987653,0.2839506172839506,Npromotor
promoter-550,0.2839506172839506,0.19753086419753085,0.37037037037037035,0.14814814814814814,Npromotor
promoter-551,0.2839506172839506,0.24691358024691357,0.2222222222222222,0.24691358024691357,Npromotor
promoter-552,0.30864197530864196,0.20987654320987653,0.20987654320987653,0.2716049382716049,Npromotor
promoter-553,0.25925925925925924,0.19753086419753085,0.18518518518518517,0.35802469135802467,Npromotor
promoter-554,0.25925925925925924,0.13580246913580246,0.24691358024691357,0.35802469135802467,Npromotor
promoter-555,0.18518518518518517,0.20987654320987653,0.20987654320987653,0.3950617283950617,Npromotor
promoter-556,0.30864197530864196,0.24691358024691357,0.1728395061728395,0.2716049382716049,Npromotor
promoter-557,0.30864197530864196,0.16049382716049382,0.18518518518518517,0.345679012345679,Npromotor
promoter-558,0.2962962962962963,0.2716049382716049,0.16049382716049382,0.2716049382716049,Npromotor
promoter-559,0.345679012345679,0.14814814814814814,0.12345679012345678,0.38271604938271603,Npromotor
promoter-560,0.37037037037037035,0.24691358024691357,0.09876543209876543,0.2839506172839506,Npromotor
promoter-561,0.2962962962962963,0.08641975308641975,0.16049382716049382,0.4567901234567901,Npromotor
promoter-562,0.30864197530864196,0.18518518518518517,0.2222222222222222,0.2839506172839506,Npromotor
promoter-563,0.20987654320987653,0.2716049382716049,0.25925925925925924,0.25925925925925924,Npromotor
promoter-564,0.2716049382716049,0.20987654320987653,0.16049382716049382,0.35802469135802467,Npromotor
promoter-565,0.2345679012345679,0.2716049382716049,0.2222222222222222,0.2716049382716049,Npromotor
promoter-566,0.345679012345679,0.1728395061728395,0.2222222222222222,0.25925925925925924,Npromotor
promoter-567,0.30864197530864196,0.18518518518518517,0.12345679012345678,0.38271604938271603,Npromotor
promoter-568,0.2222222222222222,0.20987654320987653,0.2716049382716049,0.2962962962962963,Npromotor
promoter-569,0.14814814814814814,0.2345679012345679,0.2716049382716049,0.345679012345679,Npromotor
promoter-570,0.24691358024691357,0.2222222222222222,0.2222222222222222,0.30864197530864196,Npromotor
promoter-571,0.2839506172839506,0.2716049382716049,0.2222222222222222,0.2222222222222222,Npromotor
promoter-572,0.20987654320987653,0.30864197530864196,0.2345679012345679,0.24691358024691357,Npromotor
promoter-573,0.19753086419753085,0.2222222222222222,0.19753086419753085,0.38271604938271603,Npromotor
promoter-574,0.20987654320987653,0.19753086419753085,0.3333333333333333,0.25925925925925924,Npromotor
promoter-575,0.2716049382716049,0.2345679012345679,0.18518518518518517,0.30864197530864196,Npromotor
promoter-576,0.19753086419753085,0.2345679012345679,0.18518518518518517,0.38271604938271603,Npromotor
promoter-577,0.32098765432098764,0.2222222222222222,0.12345679012345678,0.3333333333333333,Npromotor
promoter-578,0.2962962962962963,0.19753086419753085,0.24691358024691357,0.25925925925925924,Npromotor
promoter-579,0.1728395061728395,0.24691358024691357,0.2962962962962963,0.2839506172839506,Npromotor
promoter-580,0.35802469135802467,0.20987654320987653,0.13580246913580246,0.2962962962962963,Npromotor
promoter-581,0.2839506172839506,0.1111111111111111,0.2345679012345679,0.37037037037037035,Npromotor
promoter-582,0.2839506172839506,0.19753086419753085,0.1728395061728395,0.345679012345679,Npromotor
promoter-583,0.2716049382716049,0.20987654320987653,0.18518518518518517,0.3333333333333333,Npromotor
promoter-584,0.2222222222222222,0.2962962962962963,0.13580246913580246,0.345679012345679,Npromotor
promoter-585,0.30864197530864196,0.18518518518518517,0.19753086419753085,0.30864197530864196,Npromotor
promoter-586,0.2962962962962963,0.18518518518518517,0.19753086419753085,0.32098765432098764,Npromotor
promoter-587,0.2222222222222222,0.2839506172839506,0.08641975308641975,0.4074074074074074,Npromotor
promoter-588,0.32098765432098764,0.19753086419753085,0.18518518518518517,0.2962962962962963,Npromotor
promoter-589,0.32098765432098764,0.18518518518518517,0.13580246913580246,0.35802469135802467,Npromotor
promoter-590,0.3333333333333333,0.2962962962962963,0.16049382716049382,0.20987654320987653,Npromotor
promoter-591,0.24691358024691357,0.30864197530864196,0.13580246913580246,0.30864197530864196,Npromotor
promoter-592,0.24691358024691357,0.24691358024691357,0.14814814814814814,0.35802469135802467,Npromotor
promoter-593,0.37037037037037035,0.16049382716049382,0.16049382716049382,0.30864197530864196,Npromotor
promoter-594,0.37037037037037035,0.09876543209876543,0.2839506172839506,0.24691358024691357,Npromotor
promoter-595,0.24691358024691357,0.16049382716049382,0.2222222222222222,0.37037037037037035,Npromotor
promoter-596,0.2839506172839506,0.2839506172839506,0.14814814814814814,0.2839506172839506,Npromotor
promoter-597,0.4074074074074074,0.20987654320987653,0.1111111111111111,0.2716049382716049,Npromotor
promoter-598,0.2345679012345679,0.2222222222222222,0.2222222222222222,0.32098765432098764,Npromotor
promoter-599,0.32098765432098764,0.16049382716049382,0.2222222222222222,0.2962962962962963,Npromotor
promoter-600,0.30864197530864196,0.19753086419753085,0.2839506172839506,0.20987654320987653,Npromotor
promoter-601,0.37037037037037035,0.14814814814814814,0.14814814814814814,0.3333333333333333,Npromotor
promoter-602,0.2716049382716049,0.20987654320987653,0.1728395061728395,0.345679012345679,Npromotor
promoter-603,0.32098765432098764,0.24691358024691357,0.18518518518518517,0.24691358024691357,Npromotor
promoter-604,0.19753086419753085,0.2222222222222222,0.2222222222222222,0.35802469135802467,Npromotor
promoter-605,0.24691358024691357,0.1111111111111111,0.25925925925925924,0.38271604938271603,Npromotor
promoter-606,0.3333333333333333,0.20987654320987653,0.19753086419753085,0.25925925925925924,Npromotor
promoter-607,0.345679012345679,0.14814814814814814,0.14814814814814814,0.35802469135802467,Npromotor
promoter-608,0.32098765432098764,0.14814814814814814,0.14814814814814814,0.38271604938271603,Npromotor
promoter-609,0.30864197530864196,0.16049382716049382,0.19753086419753085,0.3333333333333333,Npromotor
promoter-610,0.2716049382716049,0.18518518518518517,0.1728395061728395,0.37037037037037035,Npromotor
promoter-611,0.2962962962962963,0.18518518518518517,0.19753086419753085,0.32098765432098764,Npromotor
promoter-612,0.30864197530864196,0.1728395061728395,0.19753086419753085,0.32098765432098764,Npromotor
promoter-613,0.2962962962962963,0.19753086419753085,0.18518518518518517,0.32098765432098764,Npromotor
promoter-614,0.19753086419753085,0.24691358024691357,0.1728395061728395,0.38271604938271603,Npromotor
promoter-615,0.30864197530864196,0.2345679012345679,0.24691358024691357,0.20987654320987653,Npromotor
promoter-616,0.24691358024691357,0.1728395061728395,0.20987654320987653,0.37037037037037035,Npromotor
promoter-617,0.20987654320987653,0.345679012345679,0.1728395061728395,0.2716049382716049,Npromotor
promoter-618,0.2716049382716049,0.19753086419753085,0.20987654320987653,0.32098765432098764,Npromotor
promoter-619,0.3333333333333333,0.16049382716049382,0.12345679012345678,0.38271604938271603,Npromotor
promoter-620,0.3333333333333333,0.2345679012345679,0.25925925925925924,0.1728395061728395,Npromotor
promoter-621,0.3333333333333333,0.25925925925925924,0.18518518518518517,0.2222222222222222,Npromotor
promoter-622,0.30864197530864196,0.2222222222222222,0.16049382716049382,0.30864197530864196,Npromotor
promoter-623,0.25925925925925924,0.19753086419753085,0.19753086419753085,0.345679012345679,Npromotor
promoter-624,0.345679012345679,0.14814814814814814,0.18518518518518517,0.32098765432098764,Npromotor
promoter-625,0.2222222222222222,0.2345679012345679,0.2222222222222222,0.32098765432098764,Npromotor
promoter-626,0.24691358024691357,0.2222222222222222,0.20987654320987653,0.32098765432098764,Npromotor
promoter-627,0.3333333333333333,0.2839506172839506,0.1111111111111111,0.2716049382716049,Npromotor
promoter-628,0.2716049382716049,0.19753086419753085,0.24691358024691357,0.2839506172839506,Npromotor
promoter-629,0.30864197530864196,0.2345679012345679,0.2345679012345679,0.2222222222222222,Npromotor
promoter-630,0.2222222222222222,0.20987654320987653,0.2716049382716049,0.2962962962962963,Npromotor
promoter-631,0.2716049382716049,0.19753086419753085,0.2962962962962963,0.2345679012345679,Npromotor
promoter-632,0.2962962962962963,0.2839506172839506,0.12345679012345678,0.2962962962962963,Npromotor
promoter-633,0.25925925925925924,0.14814814814814814,0.16049382716049382,0.43209876543209874,Npromotor
promoter-634,0.32098765432098764,0.19753086419753085,0.18518518518518517,0.2962962962962963,Npromotor
promoter-635,0.30864197530864196,0.18518518518518517,0.1111111111111111,0.3950617283950617,Npromotor
promoter-636,0.25925925925925924,0.2222222222222222,0.14814814814814814,0.37037037037037035,Npromotor
promoter-637,0.30864197530864196,0.19753086419753085,0.1728395061728395,0.32098765432098764,Npromotor
promoter-638,0.2962962962962963,0.13580246913580246,0.2716049382716049,0.2962962962962963,Npromotor
promoter-639,0.2345679012345679,0.20987654320987653,0.2345679012345679,0.32098765432098764,Npromotor
promoter-640,0.24691358024691357,0.13580246913580246,0.2222222222222222,0.3950617283950617,Npromotor
promoter-641,0.3333333333333333,0.20987654320987653,0.19753086419753085,0.25925925925925924,Npromotor
promoter-642,0.2345679012345679,0.16049382716049382,0.20987654320987653,0.3950617283950617,Npromotor
promoter-643,0.38271604938271603,0.09876543209876543,0.19753086419753085,0.32098765432098764,Npromotor
promoter-644,0.30864197530864196,0.09876543209876543,0.2222222222222222,0.37037037037037035,Npromotor
promoter-645,0.2345679012345679,0.08641975308641975,0.2345679012345679,0.4444444444444444,Npromotor
promoter-646,0.1111111111111111,0.2345679012345679,0.2345679012345679,0.41975308641975306,Npromotor
promoter-647,0.30864197530864196,0.1728395061728395,0.16049382716049382,0.35802469135802467,Npromotor
promoter-648,0.37037037037037035,0.25925925925925924,0.24691358024691357,0.12345679012345678,Npromotor
promoter-649,0.38271604938271603,0.2345679012345679,0.2716049382716049,0.1111111111111111,Npromotor
promoter-650,0.19753086419753085,0.2222222222222222,0.3333333333333333,0.24691358024691357,Npromotor
promoter-651,0.2839506172839506,0.2222222222222222,0.2716049382716049,0.2222222222222222,Npromotor
promoter-652,0.37037037037037035,0.18518518518518517,0.18518518518518517,0.25925925925925924,Npromotor
promoter-653,0.20987654320987653,0.2716049382716049,0.12345679012345678,0.3950617283950617,Npromotor
promoter-654,0.2716049382716049,0.2222222222222222,0.14814814814814814,0.35802469135802467,Npromotor
promoter-655,0.20987654320987653,0.2222222222222222,0.1728395061728395,0.3950617283950617,Npromotor
promoter-656,0.25925925925925924,0.18518518518518517,0.2345679012345679,0.32098765432098764,Npromotor
promoter-657,0.2962962962962963,0.2222222222222222,0.14814814814814814,0.3333333333333333,Npromotor
promoter-658,0.18518518518518517,0.25925925925925924,0.30864197530864196,0.24691358024691357,Npromotor
promoter-659,0.37037037037037035,0.20987654320987653,0.18518518518518517,0.2345679012345679,Npromotor
promoter-660,0.37037037037037035,0.14814814814814814,0.18518518518518517,0.2962962962962963,Npromotor
promoter-661,0.38271604938271603,0.1728395061728395,0.2222222222222222,0.2222222222222222,Npromotor
promoter-662,0.2962962962962963,0.19753086419753085,0.1728395061728395,0.3333333333333333,Npromotor
promoter-663,0.2716049382716049,0.24691358024691357,0.09876543209876543,0.38271604938271603,Npromotor
promoter-664,0.25925925925925924,0.25925925925925924,0.2222222222222222,0.25925925925925924,Npromotor
promoter-665,0.2716049382716049,0.1728395061728395,0.20987654320987653,0.345679012345679,Npromotor
promoter-666,0.24691358024691357,0.24691358024691357,0.18518518518518517,0.32098765432098764,Npromotor
promoter-667,0.2716049382716049,0.18518518518518517,0.19753086419753085,0.345679012345679,Npromotor
promoter-668,0.345679012345679,0.18518518518518517,0.16049382716049382,0.30864197530864196,Npromotor
promoter-669,0.25925925925925924,0.32098765432098764,0.08641975308641975,0.3333333333333333,Npromotor
promoter-670,0.18518518518518517,0.25925925925925924,0.20987654320987653,0.345679012345679,Npromotor
promoter-671,0.2962962962962963,0.13580246913580246,0.2222222222222222,0.345679012345679,Npromotor
promoter-672,0.38271604938271603,0.1728395061728395,0.18518518518518517,0.25925925925925924,Npromotor
promoter-673,0.2839506172839506,0.18518518518518517,0.2222222222222222,0.30864197530864196,Npromotor
promoter-674,0.2839506172839506,0.1728395061728395,0.25925925925925924,0.2839506172839506,Npromotor
promoter-675,0.24691358024691357,0.20987654320987653,0.19753086419753085,0.345679012345679,Npromotor
promoter-676,0.2962962962962963,0.1111111111111111,0.19753086419753085,0.3950617283950617,Npromotor
promoter-677,0.24691358024691357,0.2716049382716049,0.1728395061728395,0.30864197530864196,Npromotor
promoter-678,0.2962962962962963,0.2222222222222222,0.19753086419753085,0.2839506172839506,Npromotor
promoter-679,0.25925925925925924,0.2345679012345679,0.19753086419753085,0.30864197530864196,Npromotor
promoter-680,0.24691358024691357,0.24691358024691357,0.20987654320987653,0.2962962962962963,Npromotor
promoter-681,0.2839506172839506,0.2345679012345679,0.18518518518518517,0.2962962962962963,Npromotor
promoter-682,0.19753086419753085,0.345679012345679,0.16049382716049382,0.2962962962962963,Npromotor
promoter-683,0.37037037037037035,0.2716049382716049,0.16049382716049382,0.19753086419753085,Npromotor
promoter-684,0.41975308641975306,0.20987654320987653,0.16049382716049382,0.20987654320987653,Npromotor
promoter-685,0.25925925925925924,0.2839506172839506,0.1728395061728395,0.2839506172839506,Npromotor
promoter-686,0.25925925925925924,0.24691358024691357,0.14814814814814814,0.345679012345679,Npromotor
promoter-687,0.345679012345679,0.18518518518518517,0.24691358024691357,0.2222222222222222,Npromotor
promoter-688,0.2839506172839506,0.08641975308641975,0.2222222222222222,0.4074074074074074,Npromotor
promoter-689,0.2222222222222222,0.19753086419753085,0.18518518518518517,0.3950617283950617,Npromotor
promoter-690,0.25925925925925924,0.24691358024691357,0.20987654320987653,0.2839506172839506,Npromotor
promoter-691,0.2716049382716049,0.24691358024691357,0.18518518518518517,0.2962962962962963,Npromotor
promoter-692,0.24691358024691357,0.24691358024691357,0.2222222222222222,0.2839506172839506,Npromotor
promoter-693,0.24691358024691357,0.24691358024691357,0.20987654320987653,0.2962962962962963,Npromotor
promoter-694,0.24691358024691357,0.1111111111111111,0.24691358024691357,0.3950617283950617,Npromotor
promoter-695,0.25925925925925924,0.07407407407407407,0.16049382716049382,0.5061728395061729,Npromotor
promoter-696,0.3950617283950617,0.14814814814814814,0.16049382716049382,0.2962962962962963,Npromotor
promoter-697,0.345679012345679,0.2345679012345679,0.13580246913580246,0.2839506172839506,Npromotor
promoter-698,0.37037037037037035,0.14814814814814814,0.20987654320987653,0.2716049382716049,Npromotor
promoter-699,0.2962962962962963,0.24691358024691357,0.19753086419753085,0.25925925925925924,Npromotor
promoter-700,0.2962962962962963,0.16049382716049382,0.20987654320987653,0.3333333333333333,Npromotor
promoter-701,0.18518518518518517,0.2222222222222222,0.13580246913580246,0.4567901234567901,Npromotor
promoter-702,0.2716049382716049,0.2962962962962963,0.08641975308641975,0.345679012345679,Npromotor
promoter-703,0.24691358024691357,0.18518518518518517,0.2222222222222222,0.345679012345679,Npromotor
promoter-704,0.2716049382716049,0.20987654320987653,0.24691358024691357,0.2716049382716049,Npromotor
promoter-705,0.20987654320987653,0.2716049382716049,0.2716049382716049,0.24691358024691357,Npromotor
promoter-706,0.32098765432098764,0.19753086419753085,0.19753086419753085,0.2839506172839506,Npromotor
promoter-707,0.32098765432098764,0.16049382716049382,0.19753086419753085,0.32098765432098764,Npromotor
promoter-708,0.38271604938271603,0.1111111111111111,0.1728395061728395,0.3333333333333333,Npromotor
promoter-709,0.3333333333333333,0.2222222222222222,0.16049382716049382,0.2839506172839506,Npromotor
promoter-710,0.3950617283950617,0.1728395061728395,0.18518518518518517,0.24691358024691357,Npromotor
promoter-711,0.38271604938271603,0.12345679012345678,0.2222222222222222,0.2716049382716049,Npromotor
promoter-712,0.24691358024691357,0.25925925925925924,0.2962962962962963,0.19753086419753085,Npromotor
promoter-713,0.24691358024691357,0.2345679012345679,0.18518518518518517,0.3333333333333333,Npromotor
promoter-714,0.2839506172839506,0.25925925925925924,0.08641975308641975,0.37037037037037035,Npromotor
promoter-715,0.25925925925925924,0.20987654320987653,0.2716049382716049,0.25925925925925924,Npromotor
promoter-716,0.37037037037037035,0.20987654320987653,0.13580246913580246,0.2839506172839506,Npromotor
promoter-717,0.38271604938271603,0.16049382716049382,0.14814814814814814,0.30864197530864196,Npromotor
promoter-718,0.2962962962962963,0.2345679012345679,0.2222222222222222,0.24691358024691357,Npromotor
promoter-719,0.2222222222222222,0.2962962962962963,0.18518518518518517,0.2962962962962963,Npromotor
promoter-720,0.2345679012345679,0.30864197530864196,0.1728395061728395,0.2839506172839506,Npromotor
promoter-721,0.24691358024691357,0.20987654320987653,0.19753086419753085,0.345679012345679,Npromotor
promoter-722,0.37037037037037035,0.18518518518518517,0.18518518518518517,0.25925925925925924,Npromotor
promoter-723,0.2222222222222222,0.19753086419753085,0.19753086419753085,0.38271604938271603,Npromotor
promoter-724,0.41975308641975306,0.13580246913580246,0.12345679012345678,0.32098765432098764,Npromotor
promoter-725,0.3333333333333333,0.12345679012345678,0.13580246913580246,0.4074074074074074,Npromotor
promoter-726,0.2839506172839506,0.25925925925925924,0.09876543209876543,0.35802469135802467,Npromotor
promoter-727,0.3950617283950617,0.12345679012345678,0.2345679012345679,0.24691358024691357,Npromotor
promoter-728,0.32098765432098764,0.20987654320987653,0.09876543209876543,0.37037037037037035,Npromotor
promoter-729,0.345679012345679,0.2222222222222222,0.2345679012345679,0.19753086419753085,Npromotor
promoter-730,0.14814814814814814,0.2962962962962963,0.2839506172839506,0.2716049382716049,Npromotor
promoter-731,0.2345679012345679,0.25925925925925924,0.20987654320987653,0.2962962962962963,Npromotor
promoter-732,0.2345679012345679,0.18518518518518517,0.20987654320987653,0.37037037037037035,Npromotor
promoter-733,0.32098765432098764,0.13580246913580246,0.24691358024691357,0.2962962962962963,Npromotor
promoter-734,0.24691358024691357,0.2716049382716049,0.12345679012345678,0.35802469135802467,Npromotor
promoter-735,0.2839506172839506,0.19753086419753085,0.20987654320987653,0.30864197530864196,Npromotor
promoter-736,0.2716049382716049,0.30864197530864196,0.16049382716049382,0.25925925925925924,Npromotor
promoter-737,0.2716049382716049,0.18518518518518517,0.20987654320987653,0.3333333333333333,Npromotor
promoter-738,0.2839506172839506,0.18518518518518517,0.14814814814814814,0.38271604938271603,Npromotor
promoter-739,0.2839506172839506,0.2222222222222222,0.20987654320987653,0.2839506172839506,Npromotor
promoter-740,0.4074074074074074,0.13580246913580246,0.16049382716049382,0.2962962962962963,Npromotor
promoter-741,0.3333333333333333,0.19753086419753085,0.2345679012345679,0.2345679012345679,Npromotor
