nameseq,maximum_ORF_length,minimum_ORF_length,std_ORF_length,average_ORF_length,cv_ORF_length,maximum_GC_content_ORF,minimum_GC_content_ORF,std_GC_content_ORF,average_GC_content_ORF,cv_GC_content_ORF,label
promoter-1,39,39,0.0,39.0,0.0,25.64102564102564,25.64102564102564,0.0,25.64102564102564,0.0,Npromotor
promoter-2,39,39,0.0,39.0,0.0,25.64102564102564,25.64102564102564,0.0,25.64102564102564,0.0,Npromotor
promoter-3,6,6,0.0,6.0,0.0,33.33333333333333,33.33333333333333,0.0,33.33333333333333,0.0,Npromotor
promoter-4,0,0,0,0,0,0,0,0,0,0,Npromotor
promoter-5,0,0,0,0,0,0,0,0,0,0,Npromotor
promoter-6,0,0,0,0,0,0,0,0,0,0,Npromotor
promoter-7,0,0,0,0,0,0,0,0,0,0,Npromotor
promoter-8,0,0,0,0,0,0,0,0,0,0,Npromotor
promoter-9,9,9,0.0,9.0,0.0,11.11111111111111,11.11111111111111,0.0,11.11111111111111,0.0,Npromotor
promoter-10,0,0,0,0,0,0,0,0,0,0,Npromotor
promoter-11,0,0,0,0,0,0,0,0,0,0,Npromotor
promoter-12,0,0,0,0,0,0,0,0,0,0,Npromotor
promoter-13,0,0,0,0,0,0,0,0,0,0,Npromotor
promoter-14,12,12,0.0,12.0,0.0,33.33333333333333,33.33333333333333,0.0,33.33333333333333,0.0,Npromotor
promoter-15,0,0,0,0,0,0,0,0,0,0,Npromotor
promoter-16,24,24,0.0,24.0,0.0,62.5,62.5,0.0,62.5,0.0,Npromotor
promoter-17,0,0,0,0,0,0,0,0,0,0,Npromotor
promoter-18,0,0,0,0,0,0,0,0,0,0,Npromotor
promoter-19,0,0,0,0,0,0,0,0,0,0,Npromotor
promoter-20,24,24,0.0,24.0,0.0,45.83333333333333,45.83333333333333,0.0,45.83333333333333,0.0,Npromotor
promoter-21,0,0,0,0,0,0,0,0,0,0,Npromotor
promoter-22,0,0,0,0,0,0,0,0,0,0,Npromotor
promoter-23,0,0,0,0,0,0,0,0,0,0,Npromotor
promoter-24,6,6,0.0,6.0,0.0,33.33333333333333,33.33333333333333,0.0,33.33333333333333,0.0,Npromotor
promoter-25,6,6,0.0,6.0,0.0,16.666666666666664,16.666666666666664,0.0,16.666666666666664,0.0,Npromotor
promoter-26,0,0,0,0,0,0,0,0,0,0,Npromotor
promoter-27,33,33,0.0,33.0,0.0,48.484848484848484,48.484848484848484,0.0,48.484848484848484,0.0,Npromotor
promoter-28,24,24,0.0,24.0,0.0,20.833333333333336,20.833333333333336,0.0,20.833333333333336,0.0,Npromotor
promoter-29,0,0,0,0,0,0,0,0,0,0,Npromotor
promoter-30,0,0,0,0,0,0,0,0,0,0,Npromotor
promoter-31,33,30,1.5,31.5,0.047619047619047616,27.27272727272727,20.0,3.636363636363635,23.636363636363633,0.1538461538461538,Npromotor
promoter-32,0,0,0,0,0,0,0,0,0,0,Npromotor
promoter-33,0,0,0,0,0,0,0,0,0,0,Npromotor
promoter-34,24,24,0.0,24.0,0.0,20.833333333333336,20.833333333333336,0.0,20.833333333333336,0.0,Npromotor
promoter-35,27,6,10.5,16.5,0.6363636363636364,40.74074074074074,33.33333333333333,3.703703703703706,37.03703703703704,0.10000000000000006,Npromotor
promoter-36,9,9,0.0,9.0,0.0,33.33333333333333,22.22222222222222,5.555555555555554,27.777777777777775,0.19999999999999996,Npromotor
promoter-37,12,6,3.0,9.0,0.3333333333333333,16.666666666666664,16.666666666666664,0.0,16.666666666666664,0.0,Npromotor
promoter-38,0,0,0,0,0,0,0,0,0,0,Npromotor
promoter-39,0,0,0,0,0,0,0,0,0,0,Npromotor
promoter-40,15,15,0.0,15.0,0.0,20.0,20.0,0.0,20.0,0.0,Npromotor
promoter-41,0,0,0,0,0,0,0,0,0,0,Npromotor
promoter-42,0,0,0,0,0,0,0,0,0,0,Npromotor
promoter-43,15,15,0.0,15.0,0.0,33.33333333333333,33.33333333333333,0.0,33.33333333333333,0.0,Npromotor
promoter-44,0,0,0,0,0,0,0,0,0,0,Npromotor
promoter-45,24,9,7.5,16.5,0.45454545454545453,41.66666666666667,33.33333333333333,4.166666666666671,37.5,0.11111111111111124,Npromotor
promoter-46,0,0,0,0,0,0,0,0,0,0,Npromotor
promoter-47,0,0,0,0,0,0,0,0,0,0,Npromotor
promoter-48,30,30,0.0,30.0,0.0,30.0,30.0,0.0,30.0,0.0,Npromotor
promoter-49,54,54,0.0,54.0,0.0,33.33333333333333,33.33333333333333,0.0,33.33333333333333,0.0,Npromotor
promoter-50,0,0,0,0,0,0,0,0,0,0,Npromotor
promoter-51,24,12,6.0,18.0,0.3333333333333333,37.5,16.666666666666664,10.416666666666668,27.083333333333332,0.3846153846153847,Npromotor
promoter-52,0,0,0,0,0,0,0,0,0,0,Npromotor
promoter-53,0,0,0,0,0,0,0,0,0,0,Npromotor
promoter-54,12,9,1.5,10.5,0.14285714285714285,25.0,22.22222222222222,1.3888888888888893,23.61111111111111,0.058823529411764726,Npromotor
promoter-55,0,0,0,0,0,0,0,0,0,0,Npromotor
promoter-56,0,0,0,0,0,0,0,0,0,0,Npromotor
promoter-57,0,0,0,0,0,0,0,0,0,0,Npromotor
promoter-58,0,0,0,0,0,0,0,0,0,0,Npromotor
promoter-59,0,0,0,0,0,0,0,0,0,0,Npromotor
promoter-60,0,0,0,0,0,0,0,0,0,0,Npromotor
promoter-61,15,15,0.0,15.0,0.0,60.0,60.0,0.0,60.0,0.0,Npromotor
promoter-62,27,27,0.0,27.0,0.0,59.25925925925925,59.25925925925925,0.0,59.25925925925925,0.0,Npromotor
promoter-63,0,0,0,0,0,0,0,0,0,0,Npromotor
promoter-64,24,24,0.0,24.0,0.0,20.833333333333336,20.833333333333336,0.0,20.833333333333336,0.0,Npromotor
promoter-65,60,21,19.5,40.5,0.48148148148148145,41.66666666666667,38.095238095238095,1.7857142857142883,39.88095238095238,0.04477611940298514,Npromotor
promoter-66,21,6,7.5,13.5,0.5555555555555556,33.33333333333333,28.57142857142857,2.3809523809523796,30.95238095238095,0.07692307692307689,Npromotor
promoter-67,15,15,0.0,15.0,0.0,40.0,40.0,0.0,40.0,0.0,Npromotor
promoter-68,15,15,0.0,15.0,0.0,40.0,26.666666666666668,6.666666666666666,33.333333333333336,0.19999999999999996,Npromotor
promoter-69,0,0,0,0,0,0,0,0,0,0,Npromotor
promoter-70,0,0,0,0,0,0,0,0,0,0,Npromotor
promoter-71,45,27,9.0,36.0,0.25,44.44444444444444,18.51851851851852,12.962962962962962,31.48148148148148,0.4117647058823529,Npromotor
promoter-72,6,6,0.0,6.0,0.0,33.33333333333333,33.33333333333333,0.0,33.33333333333333,0.0,Npromotor
promoter-73,0,0,0,0,0,0,0,0,0,0,Npromotor
promoter-74,21,9,4.898979485566356,15.0,0.3265986323710904,53.333333333333336,19.047619047619047,15.468568647298714,31.534391534391535,0.49053011314420414,Npromotor
promoter-75,15,15,0.0,15.0,0.0,53.333333333333336,53.333333333333336,0.0,53.333333333333336,0.0,Npromotor
promoter-76,0,0,0,0,0,0,0,0,0,0,Npromotor
promoter-77,0,0,0,0,0,0,0,0,0,0,Npromotor
promoter-78,0,0,0,0,0,0,0,0,0,0,Npromotor
promoter-79,6,6,0.0,6.0,0.0,33.33333333333333,33.33333333333333,0.0,33.33333333333333,0.0,Npromotor
promoter-80,57,57,0.0,57.0,0.0,36.84210526315789,36.84210526315789,0.0,36.84210526315789,0.0,Npromotor
promoter-81,0,0,0,0,0,0,0,0,0,0,Npromotor
promoter-82,0,0,0,0,0,0,0,0,0,0,Npromotor
promoter-83,0,0,0,0,0,0,0,0,0,0,Npromotor
promoter-84,18,18,0.0,18.0,0.0,38.88888888888889,38.88888888888889,0.0,38.88888888888889,0.0,Npromotor
promoter-85,0,0,0,0,0,0,0,0,0,0,Npromotor
promoter-86,0,0,0,0,0,0,0,0,0,0,Npromotor
promoter-87,27,27,0.0,27.0,0.0,33.33333333333333,33.33333333333333,0.0,33.33333333333333,0.0,Npromotor
promoter-88,24,24,0.0,24.0,0.0,45.83333333333333,45.83333333333333,0.0,45.83333333333333,0.0,Npromotor
promoter-89,0,0,0,0,0,0,0,0,0,0,Npromotor
promoter-90,0,0,0,0,0,0,0,0,0,0,Npromotor
promoter-91,0,0,0,0,0,0,0,0,0,0,Npromotor
promoter-92,0,0,0,0,0,0,0,0,0,0,Npromotor
promoter-93,66,66,0.0,66.0,0.0,33.33333333333333,33.33333333333333,0.0,33.33333333333333,0.0,Npromotor
promoter-94,0,0,0,0,0,0,0,0,0,0,Npromotor
promoter-95,24,24,0.0,24.0,0.0,33.33333333333333,33.33333333333333,0.0,33.33333333333333,0.0,Npromotor
promoter-96,33,33,0.0,33.0,0.0,54.54545454545454,54.54545454545454,0.0,54.54545454545454,0.0,Npromotor
promoter-97,0,0,0,0,0,0,0,0,0,0,Npromotor
promoter-98,0,0,0,0,0,0,0,0,0,0,Npromotor
promoter-99,0,0,0,0,0,0,0,0,0,0,Npromotor
promoter-100,30,30,0.0,30.0,0.0,30.0,30.0,0.0,30.0,0.0,Npromotor
promoter-101,18,18,0.0,18.0,0.0,44.44444444444444,44.44444444444444,0.0,44.44444444444444,0.0,Npromotor
promoter-102,0,0,0,0,0,0,0,0,0,0,Npromotor
promoter-103,0,0,0,0,0,0,0,0,0,0,Npromotor
promoter-104,0,0,0,0,0,0,0,0,0,0,Npromotor
promoter-105,24,24,0.0,24.0,0.0,45.83333333333333,45.83333333333333,0.0,45.83333333333333,0.0,Npromotor
promoter-106,39,39,0.0,39.0,0.0,41.02564102564102,41.02564102564102,0.0,41.02564102564102,0.0,Npromotor
promoter-107,0,0,0,0,0,0,0,0,0,0,Npromotor
promoter-108,42,42,0.0,42.0,0.0,33.33333333333333,33.33333333333333,0.0,33.33333333333333,0.0,Npromotor
promoter-109,36,36,0.0,36.0,0.0,55.55555555555556,55.55555555555556,0.0,55.55555555555556,0.0,Npromotor
promoter-110,0,0,0,0,0,0,0,0,0,0,Npromotor
promoter-111,33,12,10.5,22.5,0.4666666666666667,58.333333333333336,42.42424242424242,7.954545454545457,50.378787878787875,0.1578947368421053,Npromotor
promoter-112,6,6,0.0,6.0,0.0,33.33333333333333,33.33333333333333,0.0,33.33333333333333,0.0,Npromotor
promoter-113,0,0,0,0,0,0,0,0,0,0,Npromotor
promoter-114,0,0,0,0,0,0,0,0,0,0,Npromotor
promoter-115,15,15,0.0,15.0,0.0,33.33333333333333,33.33333333333333,0.0,33.33333333333333,0.0,Npromotor
promoter-116,0,0,0,0,0,0,0,0,0,0,Npromotor
promoter-117,0,0,0,0,0,0,0,0,0,0,Npromotor
promoter-118,0,0,0,0,0,0,0,0,0,0,Npromotor
promoter-119,0,0,0,0,0,0,0,0,0,0,Npromotor
promoter-120,39,39,0.0,39.0,0.0,38.46153846153847,38.46153846153847,0.0,38.46153846153847,0.0,Npromotor
promoter-121,0,0,0,0,0,0,0,0,0,0,Npromotor
promoter-122,0,0,0,0,0,0,0,0,0,0,Npromotor
promoter-123,0,0,0,0,0,0,0,0,0,0,Npromotor
promoter-124,0,0,0,0,0,0,0,0,0,0,Npromotor
promoter-125,0,0,0,0,0,0,0,0,0,0,Npromotor
promoter-126,0,0,0,0,0,0,0,0,0,0,Npromotor
promoter-127,0,0,0,0,0,0,0,0,0,0,Npromotor
promoter-128,0,0,0,0,0,0,0,0,0,0,Npromotor
promoter-129,0,0,0,0,0,0,0,0,0,0,Npromotor
promoter-130,36,36,0.0,36.0,0.0,36.11111111111111,36.11111111111111,0.0,36.11111111111111,0.0,Npromotor
promoter-131,33,24,4.5,28.5,0.15789473684210525,50.0,45.45454545454545,2.2727272727272734,47.72727272727273,0.04761904761904763,Npromotor
promoter-132,42,42,0.0,42.0,0.0,47.61904761904761,47.61904761904761,0.0,47.61904761904761,0.0,Npromotor
promoter-133,0,0,0,0,0,0,0,0,0,0,Npromotor
promoter-134,57,12,22.5,34.5,0.6521739130434783,41.66666666666667,28.07017543859649,6.798245614035091,34.86842105263158,0.19496855345911956,Npromotor
promoter-135,30,30,0.0,30.0,0.0,43.333333333333336,43.333333333333336,0.0,43.333333333333336,0.0,Npromotor
promoter-136,0,0,0,0,0,0,0,0,0,0,Npromotor
promoter-137,0,0,0,0,0,0,0,0,0,0,Npromotor
promoter-138,0,0,0,0,0,0,0,0,0,0,Npromotor
promoter-139,9,9,0.0,9.0,0.0,22.22222222222222,22.22222222222222,0.0,22.22222222222222,0.0,Npromotor
promoter-140,0,0,0,0,0,0,0,0,0,0,Npromotor
promoter-141,24,24,0.0,24.0,0.0,29.166666666666668,29.166666666666668,0.0,29.166666666666668,0.0,Npromotor
promoter-142,9,9,0.0,9.0,0.0,55.55555555555556,55.55555555555556,0.0,55.55555555555556,0.0,Npromotor
promoter-143,0,0,0,0,0,0,0,0,0,0,Npromotor
promoter-144,0,0,0,0,0,0,0,0,0,0,Npromotor
promoter-145,0,0,0,0,0,0,0,0,0,0,Npromotor
promoter-146,24,24,0.0,24.0,0.0,33.33333333333333,33.33333333333333,0.0,33.33333333333333,0.0,Npromotor
promoter-147,45,18,13.5,31.5,0.42857142857142855,50.0,48.888888888888886,0.5555555555555571,49.44444444444444,0.011235955056179808,Npromotor
promoter-148,21,21,0.0,21.0,0.0,38.095238095238095,38.095238095238095,0.0,38.095238095238095,0.0,Npromotor
promoter-149,0,0,0,0,0,0,0,0,0,0,Npromotor
promoter-150,0,0,0,0,0,0,0,0,0,0,Npromotor
promoter-151,9,9,0.0,9.0,0.0,11.11111111111111,11.11111111111111,0.0,11.11111111111111,0.0,Npromotor
promoter-152,30,30,0.0,30.0,0.0,20.0,20.0,0.0,20.0,0.0,Npromotor
promoter-153,0,0,0,0,0,0,0,0,0,0,Npromotor
promoter-154,72,72,0.0,72.0,0.0,45.83333333333333,45.83333333333333,0.0,45.83333333333333,0.0,Npromotor
promoter-155,0,0,0,0,0,0,0,0,0,0,Npromotor
promoter-156,27,15,6.0,21.0,0.2857142857142857,33.33333333333333,33.33333333333333,0.0,33.33333333333333,0.0,Npromotor
promoter-157,33,33,0.0,33.0,0.0,27.27272727272727,27.27272727272727,0.0,27.27272727272727,0.0,Npromotor
promoter-158,0,0,0,0,0,0,0,0,0,0,Npromotor
promoter-159,33,33,0.0,33.0,0.0,51.515151515151516,51.515151515151516,0.0,51.515151515151516,0.0,Npromotor
promoter-160,12,12,0.0,12.0,0.0,33.33333333333333,33.33333333333333,0.0,33.33333333333333,0.0,Npromotor
promoter-161,0,0,0,0,0,0,0,0,0,0,Npromotor
promoter-162,69,69,0.0,69.0,0.0,39.130434782608695,39.130434782608695,0.0,39.130434782608695,0.0,Npromotor
promoter-163,60,60,0.0,60.0,0.0,41.66666666666667,41.66666666666667,0.0,41.66666666666667,0.0,Npromotor
promoter-164,0,0,0,0,0,0,0,0,0,0,Npromotor
promoter-165,15,15,0.0,15.0,0.0,40.0,40.0,0.0,40.0,0.0,Npromotor
promoter-166,18,9,4.5,13.5,0.3333333333333333,44.44444444444444,22.22222222222222,11.11111111111111,33.33333333333333,0.33333333333333337,Npromotor
promoter-167,36,36,0.0,36.0,0.0,52.77777777777778,52.77777777777778,0.0,52.77777777777778,0.0,Npromotor
promoter-168,18,18,0.0,18.0,0.0,16.666666666666664,16.666666666666664,0.0,16.666666666666664,0.0,Npromotor
promoter-169,24,21,1.5,22.5,0.06666666666666667,50.0,38.095238095238095,5.9523809523809526,44.04761904761905,0.13513513513513511,Npromotor
promoter-170,0,0,0,0,0,0,0,0,0,0,Npromotor
promoter-171,15,9,3.0,12.0,0.25,13.333333333333334,11.11111111111111,1.1111111111111116,12.222222222222221,0.09090909090909095,Npromotor
promoter-172,15,9,3.0,12.0,0.25,13.333333333333334,11.11111111111111,1.1111111111111116,12.222222222222221,0.09090909090909095,Npromotor
promoter-173,27,27,0.0,27.0,0.0,37.03703703703704,37.03703703703704,0.0,37.03703703703704,0.0,Npromotor
promoter-174,6,6,0.0,6.0,0.0,16.666666666666664,16.666666666666664,0.0,16.666666666666664,0.0,Npromotor
promoter-175,15,15,0.0,15.0,0.0,46.666666666666664,46.666666666666664,0.0,46.666666666666664,0.0,Npromotor
promoter-176,0,0,0,0,0,0,0,0,0,0,Npromotor
promoter-177,0,0,0,0,0,0,0,0,0,0,Npromotor
promoter-178,0,0,0,0,0,0,0,0,0,0,Npromotor
promoter-179,0,0,0,0,0,0,0,0,0,0,Npromotor
promoter-180,21,21,0.0,21.0,0.0,47.61904761904761,47.61904761904761,0.0,47.61904761904761,0.0,Npromotor
promoter-181,18,18,0.0,18.0,0.0,50.0,50.0,0.0,50.0,0.0,Npromotor
promoter-182,27,6,8.831760866327848,15.0,0.5887840577551898,33.33333333333333,25.0,3.9283710065919286,30.555555555555554,0.12856486930664496,Npromotor
promoter-183,0,0,0,0,0,0,0,0,0,0,Npromotor
promoter-184,27,27,0.0,27.0,0.0,33.33333333333333,33.33333333333333,0.0,33.33333333333333,0.0,Npromotor
promoter-185,27,27,0.0,27.0,0.0,33.33333333333333,33.33333333333333,0.0,33.33333333333333,0.0,Npromotor
promoter-186,63,63,0.0,63.0,0.0,46.03174603174603,46.03174603174603,0.0,46.03174603174603,0.0,Npromotor
promoter-187,21,21,0.0,21.0,0.0,23.809523809523807,23.809523809523807,0.0,23.809523809523807,0.0,Npromotor
promoter-188,30,30,0.0,30.0,0.0,23.333333333333332,23.333333333333332,0.0,23.333333333333332,0.0,Npromotor
promoter-189,0,0,0,0,0,0,0,0,0,0,Npromotor
promoter-190,0,0,0,0,0,0,0,0,0,0,Npromotor
promoter-191,45,33,6.0,39.0,0.15384615384615385,40.0,24.242424242424242,7.878787878787879,32.121212121212125,0.2452830188679245,Npromotor
promoter-192,21,21,0.0,21.0,0.0,23.809523809523807,23.809523809523807,0.0,23.809523809523807,0.0,Npromotor
promoter-193,0,0,0,0,0,0,0,0,0,0,Npromotor
promoter-194,0,0,0,0,0,0,0,0,0,0,Npromotor
promoter-195,12,12,0.0,12.0,0.0,16.666666666666664,16.666666666666664,0.0,16.666666666666664,0.0,Npromotor
promoter-196,48,9,19.5,28.5,0.6842105263157895,33.33333333333333,25.0,4.166666666666664,29.166666666666664,0.1428571428571428,Npromotor
promoter-197,0,0,0,0,0,0,0,0,0,0,Npromotor
promoter-198,0,0,0,0,0,0,0,0,0,0,Npromotor
promoter-199,0,0,0,0,0,0,0,0,0,0,Npromotor
promoter-200,24,24,0.0,24.0,0.0,41.66666666666667,41.66666666666667,0.0,41.66666666666667,0.0,Npromotor
promoter-201,0,0,0,0,0,0,0,0,0,0,Npromotor
promoter-202,9,9,0.0,9.0,0.0,33.33333333333333,33.33333333333333,0.0,33.33333333333333,0.0,Npromotor
promoter-203,0,0,0,0,0,0,0,0,0,0,Npromotor
promoter-204,9,9,0.0,9.0,0.0,33.33333333333333,33.33333333333333,0.0,33.33333333333333,0.0,Npromotor
promoter-205,0,0,0,0,0,0,0,0,0,0,Npromotor
promoter-206,0,0,0,0,0,0,0,0,0,0,Npromotor
promoter-207,0,0,0,0,0,0,0,0,0,0,Npromotor
promoter-208,6,6,0.0,6.0,0.0,16.666666666666664,16.666666666666664,0.0,16.666666666666664,0.0,Npromotor
promoter-209,45,45,0.0,45.0,0.0,46.666666666666664,46.666666666666664,0.0,46.666666666666664,0.0,Npromotor
promoter-210,6,6,0.0,6.0,0.0,16.666666666666664,16.666666666666664,0.0,16.666666666666664,0.0,Npromotor
promoter-211,0,0,0,0,0,0,0,0,0,0,Npromotor
promoter-212,27,27,0.0,27.0,0.0,22.22222222222222,22.22222222222222,0.0,22.22222222222222,0.0,Npromotor
promoter-213,0,0,0,0,0,0,0,0,0,0,Npromotor
promoter-214,45,12,16.5,28.5,0.5789473684210527,31.11111111111111,25.0,3.0555555555555554,28.055555555555557,0.1089108910891089,Npromotor
promoter-215,0,0,0,0,0,0,0,0,0,0,Npromotor
promoter-216,36,36,0.0,36.0,0.0,33.33333333333333,33.33333333333333,0.0,33.33333333333333,0.0,Npromotor
promoter-217,21,21,0.0,21.0,0.0,33.33333333333333,33.33333333333333,0.0,33.33333333333333,0.0,Npromotor
promoter-218,39,18,10.5,28.5,0.3684210526315789,35.8974358974359,22.22222222222222,6.837606837606838,29.05982905982906,0.23529411764705885,Npromotor
promoter-219,0,0,0,0,0,0,0,0,0,0,Npromotor
promoter-220,30,15,6.48074069840786,21.0,0.3086066999241838,56.666666666666664,38.88888888888889,8.131295703740793,45.18518518518518,0.17995490491885363,Npromotor
promoter-221,0,0,0,0,0,0,0,0,0,0,Npromotor
promoter-222,39,39,0.0,39.0,0.0,46.15384615384615,46.15384615384615,0.0,46.15384615384615,0.0,Npromotor
promoter-223,12,12,0.0,12.0,0.0,33.33333333333333,33.33333333333333,0.0,33.33333333333333,0.0,Npromotor
promoter-224,0,0,0,0,0,0,0,0,0,0,Npromotor
promoter-225,0,0,0,0,0,0,0,0,0,0,Npromotor
promoter-226,6,6,0.0,6.0,0.0,33.33333333333333,33.33333333333333,0.0,33.33333333333333,0.0,Npromotor
promoter-227,12,12,0.0,12.0,0.0,25.0,25.0,0.0,25.0,0.0,Npromotor
promoter-228,0,0,0,0,0,0,0,0,0,0,Npromotor
promoter-229,0,0,0,0,0,0,0,0,0,0,Npromotor
promoter-230,0,0,0,0,0,0,0,0,0,0,Npromotor
promoter-231,0,0,0,0,0,0,0,0,0,0,Npromotor
promoter-232,9,9,0.0,9.0,0.0,55.55555555555556,55.55555555555556,0.0,55.55555555555556,0.0,Npromotor
promoter-233,0,0,0,0,0,0,0,0,0,0,Npromotor
promoter-234,9,9,0.0,9.0,0.0,22.22222222222222,22.22222222222222,0.0,22.22222222222222,0.0,Npromotor
promoter-235,0,0,0,0,0,0,0,0,0,0,Npromotor
promoter-236,24,24,0.0,24.0,0.0,29.166666666666668,29.166666666666668,0.0,29.166666666666668,0.0,Npromotor
promoter-237,24,24,0.0,24.0,0.0,29.166666666666668,29.166666666666668,0.0,29.166666666666668,0.0,Npromotor
promoter-238,48,6,21.0,27.0,0.7777777777777778,41.66666666666667,16.666666666666664,12.500000000000004,29.166666666666668,0.42857142857142866,Npromotor
promoter-239,0,0,0,0,0,0,0,0,0,0,Npromotor
promoter-240,0,0,0,0,0,0,0,0,0,0,Npromotor
promoter-241,0,0,0,0,0,0,0,0,0,0,Npromotor
promoter-242,0,0,0,0,0,0,0,0,0,0,Npromotor
promoter-243,0,0,0,0,0,0,0,0,0,0,Npromotor
promoter-244,0,0,0,0,0,0,0,0,0,0,Npromotor
promoter-245,0,0,0,0,0,0,0,0,0,0,Npromotor
promoter-246,30,30,0.0,30.0,0.0,46.666666666666664,46.666666666666664,0.0,46.666666666666664,0.0,Npromotor
promoter-247,0,0,0,0,0,0,0,0,0,0,Npromotor
promoter-248,30,30,0.0,30.0,0.0,26.666666666666668,26.666666666666668,0.0,26.666666666666668,0.0,Npromotor
promoter-249,0,0,0,0,0,0,0,0,0,0,Npromotor
promoter-250,0,0,0,0,0,0,0,0,0,0,Npromotor
promoter-251,9,9,0.0,9.0,0.0,11.11111111111111,11.11111111111111,0.0,11.11111111111111,0.0,Npromotor
promoter-252,21,21,0.0,21.0,0.0,23.809523809523807,23.809523809523807,0.0,23.809523809523807,0.0,Npromotor
promoter-253,21,21,0.0,21.0,0.0,47.61904761904761,47.61904761904761,0.0,47.61904761904761,0.0,Npromotor
promoter-254,0,0,0,0,0,0,0,0,0,0,Npromotor
promoter-255,0,0,0,0,0,0,0,0,0,0,Npromotor
promoter-256,0,0,0,0,0,0,0,0,0,0,Npromotor
promoter-257,27,27,0.0,27.0,0.0,40.74074074074074,40.74074074074074,0.0,40.74074074074074,0.0,Npromotor
promoter-258,0,0,0,0,0,0,0,0,0,0,Npromotor
promoter-259,0,0,0,0,0,0,0,0,0,0,Npromotor
promoter-260,0,0,0,0,0,0,0,0,0,0,Npromotor
promoter-261,0,0,0,0,0,0,0,0,0,0,Npromotor
promoter-262,24,24,0.0,24.0,0.0,33.33333333333333,33.33333333333333,0.0,33.33333333333333,0.0,Npromotor
promoter-263,0,0,0,0,0,0,0,0,0,0,Npromotor
promoter-264,21,21,0.0,21.0,0.0,23.809523809523807,23.809523809523807,0.0,23.809523809523807,0.0,Npromotor
promoter-265,0,0,0,0,0,0,0,0,0,0,Npromotor
promoter-266,0,0,0,0,0,0,0,0,0,0,Npromotor
promoter-267,15,12,1.4142135623730951,13.0,0.10878565864408424,53.333333333333336,41.66666666666667,4.90653381462658,48.333333333333336,0.101514492716412,Npromotor
promoter-268,0,0,0,0,0,0,0,0,0,0,Npromotor
promoter-269,18,12,3.0,15.0,0.2,50.0,41.66666666666667,4.166666666666664,45.833333333333336,0.09090909090909086,Npromotor
promoter-270,6,6,0.0,6.0,0.0,33.33333333333333,33.33333333333333,0.0,33.33333333333333,0.0,Npromotor
promoter-271,9,9,0.0,9.0,0.0,44.44444444444444,44.44444444444444,0.0,44.44444444444444,0.0,Npromotor
promoter-272,21,21,0.0,21.0,0.0,23.809523809523807,23.809523809523807,0.0,23.809523809523807,0.0,Npromotor
promoter-273,0,0,0,0,0,0,0,0,0,0,Npromotor
promoter-274,0,0,0,0,0,0,0,0,0,0,Npromotor
promoter-275,0,0,0,0,0,0,0,0,0,0,Npromotor
promoter-276,6,6,0.0,6.0,0.0,16.666666666666664,16.666666666666664,0.0,16.666666666666664,0.0,Npromotor
promoter-277,6,6,0.0,6.0,0.0,16.666666666666664,16.666666666666664,0.0,16.666666666666664,0.0,Npromotor
promoter-278,0,0,0,0,0,0,0,0,0,0,Npromotor
promoter-279,12,12,0.0,12.0,0.0,50.0,50.0,0.0,50.0,0.0,Npromotor
promoter-280,12,12,0.0,12.0,0.0,50.0,50.0,0.0,50.0,0.0,Npromotor
promoter-281,12,12,0.0,12.0,0.0,50.0,50.0,0.0,50.0,0.0,Npromotor
promoter-282,12,12,0.0,12.0,0.0,33.33333333333333,33.33333333333333,0.0,33.33333333333333,0.0,Npromotor
promoter-283,0,0,0,0,0,0,0,0,0,0,Npromotor
promoter-284,12,12,0.0,12.0,0.0,41.66666666666667,41.66666666666667,0.0,41.66666666666667,0.0,Npromotor
promoter-285,54,54,0.0,54.0,0.0,44.44444444444444,44.44444444444444,0.0,44.44444444444444,0.0,Npromotor
promoter-286,6,6,0.0,6.0,0.0,16.666666666666664,16.666666666666664,0.0,16.666666666666664,0.0,Npromotor
promoter-287,6,6,0.0,6.0,0.0,16.666666666666664,16.666666666666664,0.0,16.666666666666664,0.0,Npromotor
promoter-288,36,36,0.0,36.0,0.0,47.22222222222222,47.22222222222222,0.0,47.22222222222222,0.0,Npromotor
promoter-289,0,0,0,0,0,0,0,0,0,0,Npromotor
promoter-290,15,15,0.0,15.0,0.0,33.33333333333333,33.33333333333333,0.0,33.33333333333333,0.0,Npromotor
promoter-291,0,0,0,0,0,0,0,0,0,0,Npromotor
promoter-292,9,6,1.5,7.5,0.2,33.33333333333333,16.666666666666664,8.333333333333332,24.999999999999996,0.3333333333333333,Npromotor
promoter-293,75,75,0.0,75.0,0.0,32.0,32.0,0.0,32.0,0.0,Npromotor
promoter-294,24,24,0.0,24.0,0.0,58.333333333333336,58.333333333333336,0.0,58.333333333333336,0.0,Npromotor
promoter-295,0,0,0,0,0,0,0,0,0,0,Npromotor
promoter-296,0,0,0,0,0,0,0,0,0,0,Npromotor
promoter-297,6,6,0.0,6.0,0.0,16.666666666666664,16.666666666666664,0.0,16.666666666666664,0.0,Npromotor
promoter-298,0,0,0,0,0,0,0,0,0,0,Npromotor
promoter-299,0,0,0,0,0,0,0,0,0,0,Npromotor
promoter-300,0,0,0,0,0,0,0,0,0,0,Npromotor
promoter-301,15,15,0.0,15.0,0.0,60.0,60.0,0.0,60.0,0.0,Npromotor
promoter-302,51,51,0.0,51.0,0.0,58.82352941176471,58.82352941176471,0.0,58.82352941176471,0.0,Npromotor
promoter-303,15,15,0.0,15.0,0.0,60.0,60.0,0.0,60.0,0.0,Npromotor
promoter-304,51,51,0.0,51.0,0.0,58.82352941176471,58.82352941176471,0.0,58.82352941176471,0.0,Npromotor
promoter-305,15,15,0.0,15.0,0.0,60.0,60.0,0.0,60.0,0.0,Npromotor
promoter-306,51,51,0.0,51.0,0.0,56.86274509803921,56.86274509803921,0.0,56.86274509803921,0.0,Npromotor
promoter-307,15,15,0.0,15.0,0.0,60.0,60.0,0.0,60.0,0.0,Npromotor
promoter-308,0,0,0,0,0,0,0,0,0,0,Npromotor
promoter-309,6,6,0.0,6.0,0.0,33.33333333333333,33.33333333333333,0.0,33.33333333333333,0.0,Npromotor
promoter-310,0,0,0,0,0,0,0,0,0,0,Npromotor
promoter-311,15,15,0.0,15.0,0.0,60.0,60.0,0.0,60.0,0.0,Npromotor
promoter-312,51,51,0.0,51.0,0.0,58.82352941176471,58.82352941176471,0.0,58.82352941176471,0.0,Npromotor
promoter-313,69,69,0.0,69.0,0.0,53.62318840579711,53.62318840579711,0.0,53.62318840579711,0.0,Npromotor
promoter-314,0,0,0,0,0,0,0,0,0,0,Npromotor
promoter-315,0,0,0,0,0,0,0,0,0,0,Npromotor
promoter-316,18,18,0.0,18.0,0.0,16.666666666666664,16.666666666666664,0.0,16.666666666666664,0.0,Npromotor
promoter-317,0,0,0,0,0,0,0,0,0,0,Npromotor
promoter-318,6,6,0.0,6.0,0.0,33.33333333333333,33.33333333333333,0.0,33.33333333333333,0.0,Npromotor
promoter-319,27,27,0.0,27.0,0.0,33.33333333333333,33.33333333333333,0.0,33.33333333333333,0.0,Npromotor
promoter-320,27,27,0.0,27.0,0.0,33.33333333333333,33.33333333333333,0.0,33.33333333333333,0.0,Npromotor
promoter-321,0,0,0,0,0,0,0,0,0,0,Npromotor
promoter-322,0,0,0,0,0,0,0,0,0,0,Npromotor
promoter-323,0,0,0,0,0,0,0,0,0,0,Npromotor
promoter-324,0,0,0,0,0,0,0,0,0,0,Npromotor
promoter-325,12,6,3.0,9.0,0.3333333333333333,33.33333333333333,25.0,4.166666666666664,29.166666666666664,0.1428571428571428,Npromotor
promoter-326,0,0,0,0,0,0,0,0,0,0,Npromotor
promoter-327,9,9,0.0,9.0,0.0,33.33333333333333,33.33333333333333,0.0,33.33333333333333,0.0,Npromotor
promoter-328,9,9,0.0,9.0,0.0,33.33333333333333,33.33333333333333,0.0,33.33333333333333,0.0,Npromotor
promoter-329,0,0,0,0,0,0,0,0,0,0,Npromotor
promoter-330,0,0,0,0,0,0,0,0,0,0,Npromotor
promoter-331,18,18,0.0,18.0,0.0,38.88888888888889,38.88888888888889,0.0,38.88888888888889,0.0,Npromotor
promoter-332,0,0,0,0,0,0,0,0,0,0,Npromotor
promoter-333,15,15,0.0,15.0,0.0,46.666666666666664,46.666666666666664,0.0,46.666666666666664,0.0,Npromotor
promoter-334,24,24,0.0,24.0,0.0,62.5,62.5,0.0,62.5,0.0,Npromotor
promoter-335,0,0,0,0,0,0,0,0,0,0,Npromotor
promoter-336,18,18,0.0,18.0,0.0,27.77777777777778,27.77777777777778,0.0,27.77777777777778,0.0,Npromotor
promoter-337,0,0,0,0,0,0,0,0,0,0,Npromotor
promoter-338,48,48,0.0,48.0,0.0,41.66666666666667,41.66666666666667,0.0,41.66666666666667,0.0,Npromotor
promoter-339,0,0,0,0,0,0,0,0,0,0,Npromotor
promoter-340,15,15,0.0,15.0,0.0,53.333333333333336,53.333333333333336,0.0,53.333333333333336,0.0,Npromotor
promoter-341,36,36,0.0,36.0,0.0,16.666666666666664,16.666666666666664,0.0,16.666666666666664,0.0,Npromotor
promoter-342,0,0,0,0,0,0,0,0,0,0,Npromotor
promoter-343,27,27,0.0,27.0,0.0,44.44444444444444,44.44444444444444,0.0,44.44444444444444,0.0,Npromotor
promoter-344,0,0,0,0,0,0,0,0,0,0,Npromotor
promoter-345,33,33,0.0,33.0,0.0,30.303030303030305,30.303030303030305,0.0,30.303030303030305,0.0,Npromotor
promoter-346,0,0,0,0,0,0,0,0,0,0,Npromotor
promoter-347,0,0,0,0,0,0,0,0,0,0,Npromotor
promoter-348,0,0,0,0,0,0,0,0,0,0,Npromotor
promoter-349,0,0,0,0,0,0,0,0,0,0,Npromotor
promoter-350,0,0,0,0,0,0,0,0,0,0,Npromotor
promoter-351,0,0,0,0,0,0,0,0,0,0,Npromotor
promoter-352,0,0,0,0,0,0,0,0,0,0,Npromotor
promoter-353,0,0,0,0,0,0,0,0,0,0,Npromotor
promoter-354,42,42,0.0,42.0,0.0,35.714285714285715,35.714285714285715,0.0,35.714285714285715,0.0,Npromotor
promoter-355,27,6,8.831760866327848,15.0,0.5887840577551898,37.03703703703704,16.666666666666664,8.859691416300818,29.012345679012345,0.30537659775334736,Npromotor
promoter-356,15,15,0.0,15.0,0.0,53.333333333333336,53.333333333333336,0.0,53.333333333333336,0.0,Npromotor
promoter-357,0,0,0,0,0,0,0,0,0,0,Npromotor
promoter-358,0,0,0,0,0,0,0,0,0,0,Npromotor
promoter-359,0,0,0,0,0,0,0,0,0,0,Npromotor
promoter-360,30,30,0.0,30.0,0.0,36.666666666666664,36.666666666666664,0.0,36.666666666666664,0.0,Npromotor
promoter-361,0,0,0,0,0,0,0,0,0,0,Npromotor
promoter-362,0,0,0,0,0,0,0,0,0,0,Npromotor
promoter-363,27,27,0.0,27.0,0.0,44.44444444444444,44.44444444444444,0.0,44.44444444444444,0.0,Npromotor
promoter-364,15,15,0.0,15.0,0.0,40.0,40.0,0.0,40.0,0.0,Npromotor
promoter-365,39,39,0.0,39.0,0.0,30.76923076923077,30.76923076923077,0.0,30.76923076923077,0.0,Npromotor
promoter-366,0,0,0,0,0,0,0,0,0,0,Npromotor
promoter-367,0,0,0,0,0,0,0,0,0,0,Npromotor
promoter-368,0,0,0,0,0,0,0,0,0,0,Npromotor
promoter-369,9,9,0.0,9.0,0.0,33.33333333333333,33.33333333333333,0.0,33.33333333333333,0.0,Npromotor
promoter-370,24,6,7.46240577829965,11.25,0.66332495807108,37.5,16.666666666666664,8.001193487363134,30.208333333333332,0.2648670947540899,Npromotor
promoter-371,15,15,0.0,15.0,0.0,46.666666666666664,20.0,13.333333333333332,33.33333333333333,0.4,Npromotor
promoter-372,24,6,8.48528137423857,12.0,0.7071067811865475,33.33333333333333,20.833333333333336,5.892556509887893,29.166666666666668,0.20203050891044202,Npromotor
promoter-373,24,6,9.0,15.0,0.6,33.33333333333333,20.833333333333336,6.2499999999999964,27.083333333333332,0.23076923076923064,Npromotor
promoter-374,24,6,9.0,15.0,0.6,33.33333333333333,20.833333333333336,6.2499999999999964,27.083333333333332,0.23076923076923064,Npromotor
promoter-375,0,0,0,0,0,0,0,0,0,0,Npromotor
promoter-376,15,15,0.0,15.0,0.0,40.0,40.0,0.0,40.0,0.0,Npromotor
promoter-377,0,0,0,0,0,0,0,0,0,0,Npromotor
promoter-378,24,24,0.0,24.0,0.0,41.66666666666667,41.66666666666667,0.0,41.66666666666667,0.0,Npromotor
promoter-379,18,18,0.0,18.0,0.0,50.0,50.0,0.0,50.0,0.0,Npromotor
promoter-380,0,0,0,0,0,0,0,0,0,0,Npromotor
promoter-381,18,18,0.0,18.0,0.0,27.77777777777778,27.77777777777778,0.0,27.77777777777778,0.0,Npromotor
promoter-382,0,0,0,0,0,0,0,0,0,0,Npromotor
promoter-383,45,42,1.5,43.5,0.034482758620689655,45.23809523809524,35.55555555555556,4.841269841269842,40.3968253968254,0.11984282907662083,Npromotor
promoter-384,27,27,0.0,27.0,0.0,29.629629629629626,29.629629629629626,0.0,29.629629629629626,0.0,Npromotor
promoter-385,6,6,0.0,6.0,0.0,33.33333333333333,33.33333333333333,0.0,33.33333333333333,0.0,Npromotor
promoter-386,0,0,0,0,0,0,0,0,0,0,Npromotor
promoter-387,30,30,0.0,30.0,0.0,46.666666666666664,46.666666666666664,0.0,46.666666666666664,0.0,Npromotor
promoter-388,0,0,0,0,0,0,0,0,0,0,Npromotor
promoter-389,15,15,0.0,15.0,0.0,20.0,20.0,0.0,20.0,0.0,Npromotor
promoter-390,12,12,0.0,12.0,0.0,33.33333333333333,33.33333333333333,0.0,33.33333333333333,0.0,Npromotor
promoter-391,0,0,0,0,0,0,0,0,0,0,Npromotor
promoter-392,0,0,0,0,0,0,0,0,0,0,Npromotor
promoter-393,66,66,0.0,66.0,0.0,40.909090909090914,40.909090909090914,0.0,40.909090909090914,0.0,Npromotor
promoter-394,0,0,0,0,0,0,0,0,0,0,Npromotor
promoter-395,0,0,0,0,0,0,0,0,0,0,Npromotor
promoter-396,0,0,0,0,0,0,0,0,0,0,Npromotor
promoter-397,0,0,0,0,0,0,0,0,0,0,Npromotor
promoter-398,0,0,0,0,0,0,0,0,0,0,Npromotor
promoter-399,0,0,0,0,0,0,0,0,0,0,Npromotor
promoter-400,0,0,0,0,0,0,0,0,0,0,Npromotor
promoter-401,0,0,0,0,0,0,0,0,0,0,Npromotor
promoter-402,0,0,0,0,0,0,0,0,0,0,Npromotor
promoter-403,6,6,0.0,6.0,0.0,33.33333333333333,33.33333333333333,0.0,33.33333333333333,0.0,Npromotor
promoter-404,0,0,0,0,0,0,0,0,0,0,Npromotor
promoter-405,0,0,0,0,0,0,0,0,0,0,Npromotor
promoter-406,51,51,0.0,51.0,0.0,19.607843137254903,19.607843137254903,0.0,19.607843137254903,0.0,Npromotor
promoter-407,51,51,0.0,51.0,0.0,19.607843137254903,19.607843137254903,0.0,19.607843137254903,0.0,Npromotor
promoter-408,0,0,0,0,0,0,0,0,0,0,Npromotor
promoter-409,0,0,0,0,0,0,0,0,0,0,Npromotor
promoter-410,0,0,0,0,0,0,0,0,0,0,Npromotor
promoter-411,0,0,0,0,0,0,0,0,0,0,Npromotor
promoter-412,48,21,11.575836902790225,32.0,0.36174490321219455,42.857142857142854,22.916666666666664,8.143385065964734,33.03571428571428,0.24650246686163527,Npromotor
promoter-413,48,21,13.5,34.5,0.391304347826087,42.857142857142854,22.916666666666664,9.970238095238095,32.88690476190476,0.30316742081447967,Npromotor
promoter-414,0,0,0,0,0,0,0,0,0,0,Npromotor
promoter-415,0,0,0,0,0,0,0,0,0,0,Npromotor
promoter-416,45,45,0.0,45.0,0.0,35.55555555555556,35.55555555555556,0.0,35.55555555555556,0.0,Npromotor
promoter-417,0,0,0,0,0,0,0,0,0,0,Npromotor
promoter-418,0,0,0,0,0,0,0,0,0,0,Npromotor
promoter-419,12,12,0.0,12.0,0.0,25.0,25.0,0.0,25.0,0.0,Npromotor
promoter-420,6,6,0.0,6.0,0.0,16.666666666666664,16.666666666666664,0.0,16.666666666666664,0.0,Npromotor
promoter-421,63,63,0.0,63.0,0.0,34.92063492063492,34.92063492063492,0.0,34.92063492063492,0.0,Npromotor
promoter-422,27,27,0.0,27.0,0.0,22.22222222222222,22.22222222222222,0.0,22.22222222222222,0.0,Npromotor
promoter-423,0,0,0,0,0,0,0,0,0,0,Npromotor
promoter-424,36,36,0.0,36.0,0.0,30.555555555555557,30.555555555555557,0.0,30.555555555555557,0.0,Npromotor
promoter-425,0,0,0,0,0,0,0,0,0,0,Npromotor
promoter-426,39,39,0.0,39.0,0.0,25.64102564102564,25.64102564102564,0.0,25.64102564102564,0.0,Npromotor
promoter-427,0,0,0,0,0,0,0,0,0,0,Npromotor
promoter-428,45,45,0.0,45.0,0.0,24.444444444444443,24.444444444444443,0.0,24.444444444444443,0.0,Npromotor
promoter-429,0,0,0,0,0,0,0,0,0,0,Npromotor
promoter-430,39,33,3.0,36.0,0.08333333333333333,38.46153846153847,30.303030303030305,4.079254079254081,34.38228438228438,0.11864406779661023,Npromotor
promoter-431,18,18,0.0,18.0,0.0,38.88888888888889,38.88888888888889,0.0,38.88888888888889,0.0,Npromotor
promoter-432,48,48,0.0,48.0,0.0,39.58333333333333,39.58333333333333,0.0,39.58333333333333,0.0,Npromotor
promoter-433,0,0,0,0,0,0,0,0,0,0,Npromotor
promoter-434,42,42,0.0,42.0,0.0,42.857142857142854,42.857142857142854,0.0,42.857142857142854,0.0,Npromotor
promoter-435,24,24,0.0,24.0,0.0,45.83333333333333,45.83333333333333,0.0,45.83333333333333,0.0,Npromotor
promoter-436,15,15,0.0,15.0,0.0,33.33333333333333,33.33333333333333,0.0,33.33333333333333,0.0,Npromotor
promoter-437,12,12,0.0,12.0,0.0,50.0,50.0,0.0,50.0,0.0,Npromotor
promoter-438,0,0,0,0,0,0,0,0,0,0,Npromotor
promoter-439,0,0,0,0,0,0,0,0,0,0,Npromotor
promoter-440,0,0,0,0,0,0,0,0,0,0,Npromotor
promoter-441,30,30,0.0,30.0,0.0,43.333333333333336,43.333333333333336,0.0,43.333333333333336,0.0,Npromotor
promoter-442,0,0,0,0,0,0,0,0,0,0,Npromotor
promoter-443,0,0,0,0,0,0,0,0,0,0,Npromotor
promoter-444,0,0,0,0,0,0,0,0,0,0,Npromotor
promoter-445,0,0,0,0,0,0,0,0,0,0,Npromotor
promoter-446,0,0,0,0,0,0,0,0,0,0,Npromotor
promoter-447,0,0,0,0,0,0,0,0,0,0,Npromotor
promoter-448,33,33,0.0,33.0,0.0,36.36363636363637,36.36363636363637,0.0,36.36363636363637,0.0,Npromotor
promoter-449,0,0,0,0,0,0,0,0,0,0,Npromotor
promoter-450,36,36,0.0,36.0,0.0,22.22222222222222,22.22222222222222,0.0,22.22222222222222,0.0,Npromotor
promoter-451,0,0,0,0,0,0,0,0,0,0,Npromotor
promoter-452,45,45,0.0,45.0,0.0,40.0,40.0,0.0,40.0,0.0,Npromotor
promoter-453,0,0,0,0,0,0,0,0,0,0,Npromotor
promoter-454,30,30,0.0,30.0,0.0,36.666666666666664,36.666666666666664,0.0,36.666666666666664,0.0,Npromotor
promoter-455,27,27,0.0,27.0,0.0,40.74074074074074,40.74074074074074,0.0,40.74074074074074,0.0,Npromotor
promoter-456,0,0,0,0,0,0,0,0,0,0,Npromotor
promoter-457,0,0,0,0,0,0,0,0,0,0,Npromotor
promoter-458,6,6,0.0,6.0,0.0,16.666666666666664,16.666666666666664,0.0,16.666666666666664,0.0,Npromotor
promoter-459,9,9,0.0,9.0,0.0,22.22222222222222,22.22222222222222,0.0,22.22222222222222,0.0,Npromotor
promoter-460,9,6,1.5,7.5,0.2,33.33333333333333,33.33333333333333,0.0,33.33333333333333,0.0,Npromotor
promoter-461,0,0,0,0,0,0,0,0,0,0,Npromotor
promoter-462,0,0,0,0,0,0,0,0,0,0,Npromotor
promoter-463,15,15,0.0,15.0,0.0,26.666666666666668,26.666666666666668,0.0,26.666666666666668,0.0,Npromotor
promoter-464,36,21,7.5,28.5,0.2631578947368421,42.857142857142854,38.88888888888889,1.9841269841269806,40.87301587301587,0.048543689320388266,Npromotor
promoter-465,63,12,25.5,37.5,0.68,30.158730158730158,16.666666666666664,6.746031746031747,23.41269841269841,0.28813559322033905,Npromotor
promoter-466,0,0,0,0,0,0,0,0,0,0,Npromotor
promoter-467,0,0,0,0,0,0,0,0,0,0,Npromotor
promoter-468,27,27,0.0,27.0,0.0,33.33333333333333,33.33333333333333,0.0,33.33333333333333,0.0,Npromotor
promoter-469,9,9,0.0,9.0,0.0,44.44444444444444,44.44444444444444,0.0,44.44444444444444,0.0,Npromotor
promoter-470,36,36,0.0,36.0,0.0,52.77777777777778,52.77777777777778,0.0,52.77777777777778,0.0,Npromotor
promoter-471,36,36,0.0,36.0,0.0,52.77777777777778,52.77777777777778,0.0,52.77777777777778,0.0,Npromotor
promoter-472,12,12,0.0,12.0,0.0,33.33333333333333,33.33333333333333,0.0,33.33333333333333,0.0,Npromotor
promoter-473,0,0,0,0,0,0,0,0,0,0,Npromotor
promoter-474,9,9,0.0,9.0,0.0,33.33333333333333,33.33333333333333,0.0,33.33333333333333,0.0,Npromotor
promoter-475,24,24,0.0,24.0,0.0,37.5,37.5,0.0,37.5,0.0,Npromotor
promoter-476,21,18,1.5,19.5,0.07692307692307693,47.61904761904761,33.33333333333333,7.142857142857142,40.47619047619047,0.17647058823529416,Npromotor
promoter-477,42,18,12.0,30.0,0.4,33.33333333333333,33.33333333333333,0.0,33.33333333333333,0.0,Npromotor
promoter-478,0,0,0,0,0,0,0,0,0,0,Npromotor
promoter-479,27,15,6.0,21.0,0.2857142857142857,33.33333333333333,26.666666666666668,3.3333333333333304,30.0,0.11111111111111101,Npromotor
promoter-480,0,0,0,0,0,0,0,0,0,0,Npromotor
promoter-481,0,0,0,0,0,0,0,0,0,0,Npromotor
promoter-482,21,21,0.0,21.0,0.0,52.38095238095239,52.38095238095239,0.0,52.38095238095239,0.0,Npromotor
promoter-483,0,0,0,0,0,0,0,0,0,0,Npromotor
promoter-484,15,15,0.0,15.0,0.0,46.666666666666664,46.666666666666664,0.0,46.666666666666664,0.0,Npromotor
promoter-485,9,9,0.0,9.0,0.0,33.33333333333333,33.33333333333333,0.0,33.33333333333333,0.0,Npromotor
promoter-486,24,24,0.0,24.0,0.0,33.33333333333333,33.33333333333333,0.0,33.33333333333333,0.0,Npromotor
promoter-487,12,12,0.0,12.0,0.0,33.33333333333333,33.33333333333333,0.0,33.33333333333333,0.0,Npromotor
promoter-488,0,0,0,0,0,0,0,0,0,0,Npromotor
promoter-489,42,42,0.0,42.0,0.0,40.476190476190474,40.476190476190474,0.0,40.476190476190474,0.0,Npromotor
promoter-490,42,42,0.0,42.0,0.0,40.476190476190474,40.476190476190474,0.0,40.476190476190474,0.0,Npromotor
promoter-491,75,75,0.0,75.0,0.0,42.66666666666667,42.66666666666667,0.0,42.66666666666667,0.0,Npromotor
promoter-492,21,21,0.0,21.0,0.0,57.14285714285714,57.14285714285714,0.0,57.14285714285714,0.0,Npromotor
promoter-493,18,12,3.0,15.0,0.2,38.88888888888889,25.0,6.944444444444446,31.944444444444446,0.21739130434782614,Npromotor
promoter-494,0,0,0,0,0,0,0,0,0,0,Npromotor
promoter-495,0,0,0,0,0,0,0,0,0,0,Npromotor
promoter-496,39,6,16.5,22.5,0.7333333333333333,30.76923076923077,16.666666666666664,7.051282051282054,23.717948717948715,0.2972972972972974,Npromotor
promoter-497,9,6,1.5,7.5,0.2,22.22222222222222,16.666666666666664,2.7777777777777786,19.444444444444443,0.1428571428571429,Npromotor
promoter-498,0,0,0,0,0,0,0,0,0,0,Npromotor
promoter-499,0,0,0,0,0,0,0,0,0,0,Npromotor
promoter-500,0,0,0,0,0,0,0,0,0,0,Npromotor
promoter-501,0,0,0,0,0,0,0,0,0,0,Npromotor
promoter-502,6,6,0.0,6.0,0.0,33.33333333333333,33.33333333333333,0.0,33.33333333333333,0.0,Npromotor
promoter-503,0,0,0,0,0,0,0,0,0,0,Npromotor
promoter-504,0,0,0,0,0,0,0,0,0,0,Npromotor
promoter-505,21,21,0.0,21.0,0.0,33.33333333333333,33.33333333333333,0.0,33.33333333333333,0.0,Npromotor
promoter-506,75,75,0.0,75.0,0.0,33.33333333333333,33.33333333333333,0.0,33.33333333333333,0.0,Npromotor
promoter-507,0,0,0,0,0,0,0,0,0,0,Npromotor
promoter-508,0,0,0,0,0,0,0,0,0,0,Npromotor
promoter-509,51,51,0.0,51.0,0.0,39.21568627450981,39.21568627450981,0.0,39.21568627450981,0.0,Npromotor
promoter-510,0,0,0,0,0,0,0,0,0,0,Npromotor
promoter-511,36,18,9.0,27.0,0.3333333333333333,50.0,30.555555555555557,9.722222222222221,40.27777777777778,0.24137931034482757,Npromotor
promoter-512,18,18,0.0,18.0,0.0,22.22222222222222,22.22222222222222,0.0,22.22222222222222,0.0,Npromotor
promoter-513,9,9,0.0,9.0,0.0,22.22222222222222,22.22222222222222,0.0,22.22222222222222,0.0,Npromotor
promoter-514,15,15,0.0,15.0,0.0,33.33333333333333,33.33333333333333,0.0,33.33333333333333,0.0,Npromotor
promoter-515,0,0,0,0,0,0,0,0,0,0,Npromotor
promoter-516,0,0,0,0,0,0,0,0,0,0,Npromotor
promoter-517,0,0,0,0,0,0,0,0,0,0,Npromotor
promoter-518,33,33,0.0,33.0,0.0,21.21212121212121,21.21212121212121,0.0,21.21212121212121,0.0,Npromotor
promoter-519,27,15,6.0,21.0,0.2857142857142857,59.25925925925925,33.33333333333333,12.962962962962962,46.29629629629629,0.28,Npromotor
promoter-520,27,27,0.0,27.0,0.0,37.03703703703704,37.03703703703704,0.0,37.03703703703704,0.0,Npromotor
promoter-521,15,15,0.0,15.0,0.0,20.0,20.0,0.0,20.0,0.0,Npromotor
promoter-522,42,42,0.0,42.0,0.0,40.476190476190474,40.476190476190474,0.0,40.476190476190474,0.0,Npromotor
promoter-523,0,0,0,0,0,0,0,0,0,0,Npromotor
promoter-524,0,0,0,0,0,0,0,0,0,0,Npromotor
promoter-525,51,51,0.0,51.0,0.0,47.05882352941176,47.05882352941176,0.0,47.05882352941176,0.0,Npromotor
promoter-526,0,0,0,0,0,0,0,0,0,0,Npromotor
promoter-527,0,0,0,0,0,0,0,0,0,0,Npromotor
promoter-528,6,6,0.0,6.0,0.0,33.33333333333333,33.33333333333333,0.0,33.33333333333333,0.0,Npromotor
promoter-529,0,0,0,0,0,0,0,0,0,0,Npromotor
promoter-530,0,0,0,0,0,0,0,0,0,0,Npromotor
promoter-531,0,0,0,0,0,0,0,0,0,0,Npromotor
promoter-532,15,15,0.0,15.0,0.0,33.33333333333333,33.33333333333333,0.0,33.33333333333333,0.0,Npromotor
promoter-533,24,24,0.0,24.0,0.0,33.33333333333333,33.33333333333333,0.0,33.33333333333333,0.0,Npromotor
promoter-534,66,66,0.0,66.0,0.0,46.96969696969697,46.96969696969697,0.0,46.96969696969697,0.0,Npromotor
promoter-535,48,48,0.0,48.0,0.0,54.166666666666664,54.166666666666664,0.0,54.166666666666664,0.0,Npromotor
promoter-536,0,0,0,0,0,0,0,0,0,0,Npromotor
promoter-537,27,27,0.0,27.0,0.0,48.148148148148145,48.148148148148145,0.0,48.148148148148145,0.0,Npromotor
promoter-538,0,0,0,0,0,0,0,0,0,0,Npromotor
promoter-539,0,0,0,0,0,0,0,0,0,0,Npromotor
promoter-540,27,9,9.0,18.0,0.5,37.03703703703704,22.22222222222222,7.407407407407408,29.62962962962963,0.25000000000000006,Npromotor
promoter-541,0,0,0,0,0,0,0,0,0,0,Npromotor
promoter-542,57,39,9.0,48.0,0.1875,45.614035087719294,28.205128205128204,8.704453441295545,36.909581646423746,0.23583180987202926,Npromotor
promoter-543,0,0,0,0,0,0,0,0,0,0,Npromotor
promoter-544,12,12,0.0,12.0,0.0,41.66666666666667,41.66666666666667,0.0,41.66666666666667,0.0,Npromotor
promoter-545,0,0,0,0,0,0,0,0,0,0,Npromotor
promoter-546,9,9,0.0,9.0,0.0,33.33333333333333,33.33333333333333,0.0,33.33333333333333,0.0,Npromotor
promoter-547,0,0,0,0,0,0,0,0,0,0,Npromotor
promoter-548,0,0,0,0,0,0,0,0,0,0,Npromotor
promoter-549,21,21,0.0,21.0,0.0,42.857142857142854,28.57142857142857,7.142857142857142,35.71428571428571,0.2,Npromotor
promoter-550,0,0,0,0,0,0,0,0,0,0,Npromotor
promoter-551,0,0,0,0,0,0,0,0,0,0,Npromotor
promoter-552,42,30,6.0,36.0,0.16666666666666666,40.476190476190474,40.0,0.23809523809523725,40.23809523809524,0.005917159763313588,Npromotor
promoter-553,18,6,6.0,12.0,0.5,33.33333333333333,33.33333333333333,0.0,33.33333333333333,0.0,Npromotor
promoter-554,0,0,0,0,0,0,0,0,0,0,Npromotor
promoter-555,0,0,0,0,0,0,0,0,0,0,Npromotor
promoter-556,9,9,0.0,9.0,0.0,22.22222222222222,22.22222222222222,0.0,22.22222222222222,0.0,Npromotor
promoter-557,51,51,0.0,51.0,0.0,39.21568627450981,39.21568627450981,0.0,39.21568627450981,0.0,Npromotor
promoter-558,0,0,0,0,0,0,0,0,0,0,Npromotor
promoter-559,0,0,0,0,0,0,0,0,0,0,Npromotor
promoter-560,36,36,0.0,36.0,0.0,33.33333333333333,33.33333333333333,0.0,33.33333333333333,0.0,Npromotor
promoter-561,6,6,0.0,6.0,0.0,33.33333333333333,33.33333333333333,0.0,33.33333333333333,0.0,Npromotor
promoter-562,0,0,0,0,0,0,0,0,0,0,Npromotor
promoter-563,0,0,0,0,0,0,0,0,0,0,Npromotor
promoter-564,0,0,0,0,0,0,0,0,0,0,Npromotor
promoter-565,0,0,0,0,0,0,0,0,0,0,Npromotor
promoter-566,0,0,0,0,0,0,0,0,0,0,Npromotor
promoter-567,0,0,0,0,0,0,0,0,0,0,Npromotor
promoter-568,0,0,0,0,0,0,0,0,0,0,Npromotor
promoter-569,45,45,0.0,45.0,0.0,46.666666666666664,46.666666666666664,0.0,46.666666666666664,0.0,Npromotor
promoter-570,0,0,0,0,0,0,0,0,0,0,Npromotor
promoter-571,0,0,0,0,0,0,0,0,0,0,Npromotor
promoter-572,18,18,0.0,18.0,0.0,61.111111111111114,61.111111111111114,0.0,61.111111111111114,0.0,Npromotor
promoter-573,0,0,0,0,0,0,0,0,0,0,Npromotor
promoter-574,9,9,0.0,9.0,0.0,33.33333333333333,33.33333333333333,0.0,33.33333333333333,0.0,Npromotor
promoter-575,0,0,0,0,0,0,0,0,0,0,Npromotor
promoter-576,0,0,0,0,0,0,0,0,0,0,Npromotor
promoter-577,0,0,0,0,0,0,0,0,0,0,Npromotor
promoter-578,0,0,0,0,0,0,0,0,0,0,Npromotor
promoter-579,0,0,0,0,0,0,0,0,0,0,Npromotor
promoter-580,9,9,0.0,9.0,0.0,22.22222222222222,22.22222222222222,0.0,22.22222222222222,0.0,Npromotor
promoter-581,30,30,0.0,30.0,0.0,36.666666666666664,36.666666666666664,0.0,36.666666666666664,0.0,Npromotor
promoter-582,12,12,0.0,12.0,0.0,33.33333333333333,25.0,4.166666666666664,29.166666666666664,0.1428571428571428,Npromotor
promoter-583,12,12,0.0,12.0,0.0,33.33333333333333,25.0,4.166666666666664,29.166666666666664,0.1428571428571428,Npromotor
promoter-584,0,0,0,0,0,0,0,0,0,0,Npromotor
promoter-585,0,0,0,0,0,0,0,0,0,0,Npromotor
promoter-586,0,0,0,0,0,0,0,0,0,0,Npromotor
promoter-587,0,0,0,0,0,0,0,0,0,0,Npromotor
promoter-588,24,6,9.0,15.0,0.6,37.5,16.666666666666664,10.416666666666668,27.083333333333332,0.3846153846153847,Npromotor
promoter-589,27,27,0.0,27.0,0.0,33.33333333333333,33.33333333333333,0.0,33.33333333333333,0.0,Npromotor
promoter-590,0,0,0,0,0,0,0,0,0,0,Npromotor
promoter-591,0,0,0,0,0,0,0,0,0,0,Npromotor
promoter-592,0,0,0,0,0,0,0,0,0,0,Npromotor
promoter-593,18,18,0.0,18.0,0.0,50.0,50.0,0.0,50.0,0.0,Npromotor
promoter-594,0,0,0,0,0,0,0,0,0,0,Npromotor
promoter-595,33,6,13.5,19.5,0.6923076923076923,48.484848484848484,33.33333333333333,7.575757575757578,40.90909090909091,0.18518518518518526,Npromotor
promoter-596,42,42,0.0,42.0,0.0,42.857142857142854,42.857142857142854,0.0,42.857142857142854,0.0,Npromotor
promoter-597,27,12,7.5,19.5,0.38461538461538464,25.925925925925924,16.666666666666664,4.62962962962963,21.296296296296294,0.2173913043478261,Npromotor
promoter-598,0,0,0,0,0,0,0,0,0,0,Npromotor
promoter-599,57,9,24.0,33.0,0.7272727272727273,33.33333333333333,31.57894736842105,0.8771929824561386,32.45614035087719,0.027027027027026976,Npromotor
promoter-600,9,6,1.5,7.5,0.2,44.44444444444444,33.33333333333333,5.555555555555557,38.888888888888886,0.1428571428571429,Npromotor
promoter-601,0,0,0,0,0,0,0,0,0,0,Npromotor
promoter-602,30,30,0.0,30.0,0.0,30.0,30.0,0.0,30.0,0.0,Npromotor
promoter-603,0,0,0,0,0,0,0,0,0,0,Npromotor
promoter-604,45,45,0.0,45.0,0.0,42.22222222222222,42.22222222222222,0.0,42.22222222222222,0.0,Npromotor
promoter-605,21,21,0.0,21.0,0.0,42.857142857142854,42.857142857142854,0.0,42.857142857142854,0.0,Npromotor
promoter-606,18,18,0.0,18.0,0.0,44.44444444444444,44.44444444444444,0.0,44.44444444444444,0.0,Npromotor
promoter-607,0,0,0,0,0,0,0,0,0,0,Npromotor
promoter-608,66,66,0.0,66.0,0.0,31.818181818181817,31.818181818181817,0.0,31.818181818181817,0.0,Npromotor
promoter-609,24,24,0.0,24.0,0.0,33.33333333333333,33.33333333333333,0.0,33.33333333333333,0.0,Npromotor
promoter-610,24,24,0.0,24.0,0.0,45.83333333333333,45.83333333333333,0.0,45.83333333333333,0.0,Npromotor
promoter-611,63,63,0.0,63.0,0.0,39.682539682539684,39.682539682539684,0.0,39.682539682539684,0.0,Npromotor
promoter-612,0,0,0,0,0,0,0,0,0,0,Npromotor
promoter-613,0,0,0,0,0,0,0,0,0,0,Npromotor
promoter-614,0,0,0,0,0,0,0,0,0,0,Npromotor
promoter-615,21,21,0.0,21.0,0.0,33.33333333333333,33.33333333333333,0.0,33.33333333333333,0.0,Npromotor
promoter-616,39,39,0.0,39.0,0.0,41.02564102564102,41.02564102564102,0.0,41.02564102564102,0.0,Npromotor
promoter-617,0,0,0,0,0,0,0,0,0,0,Npromotor
promoter-618,48,48,0.0,48.0,0.0,39.58333333333333,39.58333333333333,0.0,39.58333333333333,0.0,Npromotor
promoter-619,6,6,0.0,6.0,0.0,33.33333333333333,33.33333333333333,0.0,33.33333333333333,0.0,Npromotor
promoter-620,24,24,0.0,24.0,0.0,20.833333333333336,20.833333333333336,0.0,20.833333333333336,0.0,Npromotor
promoter-621,6,6,0.0,6.0,0.0,33.33333333333333,33.33333333333333,0.0,33.33333333333333,0.0,Npromotor
promoter-622,18,18,0.0,18.0,0.0,33.33333333333333,33.33333333333333,0.0,33.33333333333333,0.0,Npromotor
promoter-623,21,18,1.5,19.5,0.07692307692307693,47.61904761904761,38.88888888888889,4.36507936507936,43.25396825396825,0.10091743119266045,Npromotor
promoter-624,36,36,0.0,36.0,0.0,33.33333333333333,33.33333333333333,0.0,33.33333333333333,0.0,Npromotor
promoter-625,0,0,0,0,0,0,0,0,0,0,Npromotor
promoter-626,0,0,0,0,0,0,0,0,0,0,Npromotor
promoter-627,0,0,0,0,0,0,0,0,0,0,Npromotor
promoter-628,9,9,0.0,9.0,0.0,33.33333333333333,33.33333333333333,0.0,33.33333333333333,0.0,Npromotor
promoter-629,18,18,0.0,18.0,0.0,33.33333333333333,33.33333333333333,0.0,33.33333333333333,0.0,Npromotor
promoter-630,0,0,0,0,0,0,0,0,0,0,Npromotor
promoter-631,0,0,0,0,0,0,0,0,0,0,Npromotor
promoter-632,0,0,0,0,0,0,0,0,0,0,Npromotor
promoter-633,0,0,0,0,0,0,0,0,0,0,Npromotor
promoter-634,33,15,9.0,24.0,0.375,40.0,36.36363636363637,1.8181818181818166,38.18181818181819,0.04761904761904757,Npromotor
promoter-635,0,0,0,0,0,0,0,0,0,0,Npromotor
promoter-636,0,0,0,0,0,0,0,0,0,0,Npromotor
promoter-637,0,0,0,0,0,0,0,0,0,0,Npromotor
promoter-638,9,9,0.0,9.0,0.0,44.44444444444444,44.44444444444444,0.0,44.44444444444444,0.0,Npromotor
promoter-639,21,21,0.0,21.0,0.0,28.57142857142857,28.57142857142857,0.0,28.57142857142857,0.0,Npromotor
promoter-640,0,0,0,0,0,0,0,0,0,0,Npromotor
promoter-641,12,12,0.0,12.0,0.0,25.0,25.0,0.0,25.0,0.0,Npromotor
promoter-642,27,27,0.0,27.0,0.0,40.74074074074074,40.74074074074074,0.0,40.74074074074074,0.0,Npromotor
promoter-643,0,0,0,0,0,0,0,0,0,0,Npromotor
promoter-644,0,0,0,0,0,0,0,0,0,0,Npromotor
promoter-645,0,0,0,0,0,0,0,0,0,0,Npromotor
promoter-646,0,0,0,0,0,0,0,0,0,0,Npromotor
promoter-647,12,12,0.0,12.0,0.0,25.0,25.0,0.0,25.0,0.0,Npromotor
promoter-648,0,0,0,0,0,0,0,0,0,0,Npromotor
promoter-649,0,0,0,0,0,0,0,0,0,0,Npromotor
promoter-650,0,0,0,0,0,0,0,0,0,0,Npromotor
promoter-651,0,0,0,0,0,0,0,0,0,0,Npromotor
promoter-652,36,36,0.0,36.0,0.0,33.33333333333333,33.33333333333333,0.0,33.33333333333333,0.0,Npromotor
promoter-653,0,0,0,0,0,0,0,0,0,0,Npromotor
promoter-654,0,0,0,0,0,0,0,0,0,0,Npromotor
promoter-655,0,0,0,0,0,0,0,0,0,0,Npromotor
promoter-656,12,12,0.0,12.0,0.0,41.66666666666667,41.66666666666667,0.0,41.66666666666667,0.0,Npromotor
promoter-657,33,15,9.0,24.0,0.375,36.36363636363637,26.666666666666668,4.8484848484848495,31.515151515151516,0.15384615384615388,Npromotor
promoter-658,24,24,0.0,24.0,0.0,54.166666666666664,54.166666666666664,0.0,54.166666666666664,0.0,Npromotor
promoter-659,0,0,0,0,0,0,0,0,0,0,Npromotor
promoter-660,12,9,1.5,10.5,0.14285714285714285,50.0,33.33333333333333,8.333333333333336,41.666666666666664,0.20000000000000007,Npromotor
promoter-661,12,9,1.5,10.5,0.14285714285714285,50.0,33.33333333333333,8.333333333333336,41.666666666666664,0.20000000000000007,Npromotor
promoter-662,15,15,0.0,15.0,0.0,40.0,40.0,0.0,40.0,0.0,Npromotor
promoter-663,0,0,0,0,0,0,0,0,0,0,Npromotor
promoter-664,0,0,0,0,0,0,0,0,0,0,Npromotor
promoter-665,0,0,0,0,0,0,0,0,0,0,Npromotor
promoter-666,0,0,0,0,0,0,0,0,0,0,Npromotor
promoter-667,45,30,7.5,37.5,0.2,35.55555555555556,30.0,2.7777777777777786,32.77777777777778,0.08474576271186443,Npromotor
promoter-668,6,6,0.0,6.0,0.0,16.666666666666664,16.666666666666664,0.0,16.666666666666664,0.0,Npromotor
promoter-669,6,6,0.0,6.0,0.0,16.666666666666664,16.666666666666664,0.0,16.666666666666664,0.0,Npromotor
promoter-670,0,0,0,0,0,0,0,0,0,0,Npromotor
promoter-671,0,0,0,0,0,0,0,0,0,0,Npromotor
promoter-672,0,0,0,0,0,0,0,0,0,0,Npromotor
promoter-673,0,0,0,0,0,0,0,0,0,0,Npromotor
promoter-674,0,0,0,0,0,0,0,0,0,0,Npromotor
promoter-675,60,60,0.0,60.0,0.0,31.666666666666664,31.666666666666664,0.0,31.666666666666664,0.0,Npromotor
promoter-676,45,45,0.0,45.0,0.0,28.888888888888886,28.888888888888886,0.0,28.888888888888886,0.0,Npromotor
promoter-677,0,0,0,0,0,0,0,0,0,0,Npromotor
promoter-678,0,0,0,0,0,0,0,0,0,0,Npromotor
promoter-679,15,15,0.0,15.0,0.0,33.33333333333333,33.33333333333333,0.0,33.33333333333333,0.0,Npromotor
promoter-680,15,15,0.0,15.0,0.0,33.33333333333333,33.33333333333333,0.0,33.33333333333333,0.0,Npromotor
promoter-681,9,9,0.0,9.0,0.0,44.44444444444444,44.44444444444444,0.0,44.44444444444444,0.0,Npromotor
promoter-682,0,0,0,0,0,0,0,0,0,0,Npromotor
promoter-683,0,0,0,0,0,0,0,0,0,0,Npromotor
promoter-684,27,27,0.0,27.0,0.0,37.03703703703704,37.03703703703704,0.0,37.03703703703704,0.0,Npromotor
promoter-685,0,0,0,0,0,0,0,0,0,0,Npromotor
promoter-686,0,0,0,0,0,0,0,0,0,0,Npromotor
promoter-687,48,48,0.0,48.0,0.0,45.83333333333333,45.83333333333333,0.0,45.83333333333333,0.0,Npromotor
promoter-688,42,12,12.569805089976535,25.0,0.5027922035990614,47.61904761904761,8.333333333333332,16.73267352564128,31.349206349206344,0.5337511048685574,Npromotor
promoter-689,0,0,0,0,0,0,0,0,0,0,Npromotor
promoter-690,0,0,0,0,0,0,0,0,0,0,Npromotor
promoter-691,39,39,0.0,39.0,0.0,53.84615384615385,53.84615384615385,0.0,53.84615384615385,0.0,Npromotor
promoter-692,0,0,0,0,0,0,0,0,0,0,Npromotor
promoter-693,30,30,0.0,30.0,0.0,60.0,60.0,0.0,60.0,0.0,Npromotor
promoter-694,48,12,15.748015748023622,26.0,0.6056929133855239,50.0,25.0,10.622957319984968,35.416666666666664,0.2999423243289873,Npromotor
promoter-695,9,9,0.0,9.0,0.0,11.11111111111111,11.11111111111111,0.0,11.11111111111111,0.0,Npromotor
promoter-696,0,0,0,0,0,0,0,0,0,0,Npromotor
promoter-697,0,0,0,0,0,0,0,0,0,0,Npromotor
promoter-698,0,0,0,0,0,0,0,0,0,0,Npromotor
promoter-699,30,30,0.0,30.0,0.0,20.0,20.0,0.0,20.0,0.0,Npromotor
promoter-700,75,15,30.0,45.0,0.6666666666666666,37.333333333333336,26.666666666666668,5.333333333333334,32.0,0.16666666666666669,Npromotor
promoter-701,0,0,0,0,0,0,0,0,0,0,Npromotor
promoter-702,0,0,0,0,0,0,0,0,0,0,Npromotor
promoter-703,0,0,0,0,0,0,0,0,0,0,Npromotor
promoter-704,0,0,0,0,0,0,0,0,0,0,Npromotor
promoter-705,45,45,0.0,45.0,0.0,51.11111111111111,51.11111111111111,0.0,51.11111111111111,0.0,Npromotor
promoter-706,0,0,0,0,0,0,0,0,0,0,Npromotor
promoter-707,18,18,0.0,18.0,0.0,22.22222222222222,22.22222222222222,0.0,22.22222222222222,0.0,Npromotor
promoter-708,51,51,0.0,51.0,0.0,21.568627450980394,21.568627450980394,0.0,21.568627450980394,0.0,Npromotor
promoter-709,0,0,0,0,0,0,0,0,0,0,Npromotor
promoter-710,51,51,0.0,51.0,0.0,37.254901960784316,37.254901960784316,0.0,37.254901960784316,0.0,Npromotor
promoter-711,30,9,10.5,19.5,0.5384615384615384,43.333333333333336,33.33333333333333,5.0000000000000036,38.33333333333333,0.13043478260869576,Npromotor
promoter-712,0,0,0,0,0,0,0,0,0,0,Npromotor
promoter-713,0,0,0,0,0,0,0,0,0,0,Npromotor
promoter-714,0,0,0,0,0,0,0,0,0,0,Npromotor
promoter-715,0,0,0,0,0,0,0,0,0,0,Npromotor
promoter-716,0,0,0,0,0,0,0,0,0,0,Npromotor
promoter-717,9,9,0.0,9.0,0.0,22.22222222222222,22.22222222222222,0.0,22.22222222222222,0.0,Npromotor
promoter-718,0,0,0,0,0,0,0,0,0,0,Npromotor
promoter-719,0,0,0,0,0,0,0,0,0,0,Npromotor
promoter-720,0,0,0,0,0,0,0,0,0,0,Npromotor
promoter-721,36,6,12.569805089976535,23.0,0.5465132647815885,36.11111111111111,33.33333333333333,1.3094570021973106,34.25925925925926,0.03822198817224583,Npromotor
promoter-722,21,21,0.0,21.0,0.0,38.095238095238095,38.095238095238095,0.0,38.095238095238095,0.0,Npromotor
promoter-723,6,6,0.0,6.0,0.0,16.666666666666664,16.666666666666664,0.0,16.666666666666664,0.0,Npromotor
promoter-724,0,0,0,0,0,0,0,0,0,0,Npromotor
promoter-725,0,0,0,0,0,0,0,0,0,0,Npromotor
promoter-726,0,0,0,0,0,0,0,0,0,0,Npromotor
promoter-727,54,48,3.0,51.0,0.058823529411764705,42.592592592592595,31.25,5.671296296296298,36.9212962962963,0.15360501567398122,Npromotor
promoter-728,0,0,0,0,0,0,0,0,0,0,Npromotor
promoter-729,0,0,0,0,0,0,0,0,0,0,Npromotor
promoter-730,0,0,0,0,0,0,0,0,0,0,Npromotor
promoter-731,0,0,0,0,0,0,0,0,0,0,Npromotor
promoter-732,15,15,0.0,15.0,0.0,40.0,40.0,0.0,40.0,0.0,Npromotor
promoter-733,45,15,15.0,30.0,0.5,31.11111111111111,20.0,5.555555555555555,25.555555555555557,0.21739130434782605,Npromotor
promoter-734,0,0,0,0,0,0,0,0,0,0,Npromotor
promoter-735,0,0,0,0,0,0,0,0,0,0,Npromotor
promoter-736,6,6,0.0,6.0,0.0,16.666666666666664,16.666666666666664,0.0,16.666666666666664,0.0,Npromotor
promoter-737,0,0,0,0,0,0,0,0,0,0,Npromotor
promoter-738,36,36,0.0,36.0,0.0,19.444444444444446,19.444444444444446,0.0,19.444444444444446,0.0,Npromotor
promoter-739,0,0,0,0,0,0,0,0,0,0,Npromotor
promoter-740,45,6,19.5,25.5,0.7647058823529411,28.888888888888886,16.666666666666664,6.111111111111111,22.777777777777775,0.2682926829268293,Npromotor
promoter-741,0,0,0,0,0,0,0,0,0,0,Npromotor
