nameseq,k1,k2,k3,k4,k5,label
promoter-1,1.9507814191279327,3.762179410932629,5.292713621836254,5.932712795729858,6.162890436798801,Npromotor
promoter-2,1.9659902819357729,3.8040780114835497,5.344610653103467,5.974316802112378,6.1271126770304445,Npromotor
promoter-3,1.94118440563121,3.775070520364182,5.16772244486249,5.968031866270415,6.15308670300447,Npromotor
promoter-4,1.9723922221490908,3.8023670017293845,5.227583912624524,5.860794328108873,6.058994332902696,Npromotor
promoter-5,1.9803464138951994,3.786637239652118,5.264047007830046,6.003350936810973,6.15308670300447,Npromotor
promoter-6,1.8353325526140776,3.5392223158461236,5.115003495034888,6.009635872652934,6.162890436798801,Npromotor
promoter-7,1.9345450437371543,3.8323862928146797,5.339466704286167,5.977709911169947,6.101138651056418,Npromotor
promoter-8,1.975431706045803,3.8479501990376357,5.33219989371934,6.0802740137340505,6.266786540694905,Npromotor
promoter-9,1.879835114758885,3.657588511691893,5.026643368562153,5.785151577725666,6.075164625082393,Npromotor
promoter-10,1.981339441415245,3.901964627464628,5.520561723102076,6.060917923934987,6.240812514720878,Npromotor
promoter-11,1.9379812908123422,3.8294612642173744,5.331704956791392,5.993672891911442,6.188864462772827,Npromotor
promoter-12,1.9935553899333285,3.9114027847313406,5.284422203708992,5.855789718806779,6.0330203069286705,Npromotor
promoter-13,1.978583948806226,3.875395478215887,5.274866665706924,6.003350936810971,6.162890436798801,Npromotor
promoter-14,1.9589377606240825,3.831574648236296,5.224233754314518,6.019313917552466,6.240812514720879,Npromotor
promoter-15,1.9460176318583717,3.6993816147602905,5.119910021147605,5.819190321726353,6.101138651056417,Npromotor
promoter-16,1.9935553899333285,3.8782150093306704,5.493159228970677,6.054632988093022,6.240812514720878,Npromotor
promoter-17,1.94539529034474,3.813836999622629,5.349551912920722,6.0802740137340505,6.214838488746853,Npromotor
promoter-18,1.9272582767844975,3.7682670424444145,5.348287793045913,6.0802740137340505,6.266786540694905,Npromotor
promoter-19,1.9885702856204883,3.87551615370071,5.37821852692693,5.98399484701191,6.1369164108247745,Npromotor
promoter-20,1.878173253117656,3.5773752424240617,4.8386085208118566,5.586308308439421,5.971268521186288,Npromotor
promoter-21,1.879835114758885,3.694990870907098,4.917413109282524,5.6922655200610945,6.101138651056417,Npromotor
promoter-22,1.9009492654930302,3.7213058504776724,5.096387355958696,5.839826738065286,6.1369164108247745,Npromotor
promoter-23,1.8505765266523886,3.6695687818849523,5.1470202673511025,5.865467763706311,6.1369164108247745,Npromotor
promoter-24,1.8595411283021595,3.618070704968096,5.13872884922384,5.932712795729857,6.1369164108247745,Npromotor
promoter-25,1.9495931346766868,3.7701649674560858,5.127909191346962,5.881430744447806,6.136916410824775,Npromotor
promoter-26,1.9877604134275972,3.84128227880088,5.274866665706922,6.0289919624519985,6.214838488746853,Npromotor
promoter-27,1.9623230225905788,3.81044306118377,5.263517337197558,5.977709911169947,6.214838488746852,Npromotor
promoter-28,1.9794979478327321,3.804749859046178,5.324235457224519,6.019313917552467,6.188864462772827,Npromotor
promoter-29,1.9175073571186012,3.640268415345284,5.0563714134431255,5.855789718806781,6.162890436798801,Npromotor
promoter-30,1.80620351661307,3.383925269509525,4.672010299815273,5.6472684046210055,6.058994332902698,Npromotor
promoter-31,1.8198500368213346,3.5358929751117962,4.902678888758614,5.701943564960626,6.049190599108365,Npromotor
promoter-32,1.937608902812895,3.824381614760291,5.295568843218311,5.9264278598878946,6.127112677030444,Npromotor
promoter-33,1.9891945446863777,3.9532129458410017,5.420560020192075,6.009635872652935,6.15308670300447,Npromotor
promoter-34,1.9355197044802437,3.781932560975427,5.234850723191352,5.880150417907935,6.058994332902697,Npromotor
promoter-35,1.9252804446145775,3.813662903073641,5.436320937886208,6.234120167580205,6.266786540694905,Npromotor
promoter-36,1.9462969190645103,3.8158709449975845,5.222969634439708,5.891108789347338,6.127112677030444,Npromotor
promoter-37,1.9446948441307086,3.7552208323774012,5.189361760616247,5.942390840629389,6.188864462772827,Npromotor
promoter-38,1.9103583635013703,3.756120916397044,5.176951001232118,6.0289919624519985,6.188864462772827,Npromotor
promoter-39,1.9589377606240825,3.8402341158120508,5.118353653344894,5.891108789347339,6.188864462772827,Npromotor
promoter-40,1.9495931346766868,3.7427307525647984,5.146490596718617,5.907071770088833,6.127112677030444,Npromotor
promoter-41,1.973328639742789,3.864239373887385,5.368662988924861,6.028991962451999,6.266786540694905,Npromotor
promoter-42,1.9589377606240825,3.70539564777025,5.086831817956628,5.830148693165755,6.110942384850749,Npromotor
promoter-43,1.9710017879478037,3.845025170440331,5.331704956791393,6.105915039375077,6.266786540694905,Npromotor
promoter-44,1.9658122013478678,3.775395478215888,5.274866665706924,6.019313917552467,6.240812514720878,Npromotor
promoter-45,1.9431049430363636,3.755272908795757,5.243671811951099,5.932712795729857,6.188864462772827,Npromotor
promoter-46,1.8958313336642678,3.6714305273244308,5.040318247821089,5.732052738622124,6.012115885182739,Npromotor
promoter-47,1.9803464138951994,3.8526919595810902,5.322149418789323,5.993672891911443,6.162890436798801,Npromotor
promoter-48,1.915324831925262,3.524125381592455,4.757515204905949,5.63130542387951,6.084968358876722,Npromotor
promoter-49,1.8781732531176558,3.6710390338959273,5.092507527016205,5.8877156802897685,6.127112677030444,Npromotor
promoter-50,1.9681525122917436,3.8100792670437444,5.031054957746923,5.717906545702119,6.058994332902697,Npromotor
promoter-51,1.9400389517029457,3.711200565854127,5.047345546073542,5.740154462285577,6.013412839340009,Npromotor
promoter-52,1.8681648355140057,3.6751932593386734,5.176456064304172,5.932712795729858,6.162890436798801,Npromotor
promoter-53,1.9773732457877882,3.89511360988159,5.224233754314518,5.733869526443612,5.945294495212261,Npromotor
promoter-54,1.8764559115472688,3.6699648120685424,5.0804237492645195,5.749832507185106,6.058994332902697,Npromotor
promoter-55,1.9264318757086274,3.74180532855046,5.217091236380087,6.019313917552468,6.188864462772827,Npromotor
promoter-56,1.937950963075925,3.782892284522997,5.23126105256697,6.019313917552467,6.188864462772827,Npromotor
promoter-57,1.9771710960377469,3.8893881717004346,5.414354640500011,6.105915039375075,6.240812514720878,Npromotor
promoter-58,1.9765927787792683,3.87882443503184,5.365312830614856,5.977709911169947,6.188864462772827,Npromotor
promoter-59,1.9073610966120569,3.7810866168638104,5.026643368562153,5.759510552084641,6.162890436798801,Npromotor
promoter-60,1.991122414039628,3.825516153700711,5.384423906618994,5.948675776471353,6.110942384850748,Npromotor
promoter-61,1.9659902819357726,3.794825015052787,5.11373937516008,5.7998342319272895,6.0330203069286705,Npromotor
promoter-62,1.975544464909514,3.851783593608015,5.314679919222449,6.03527689829396,6.240812514720879,Npromotor
promoter-63,1.8246084814700985,3.44102188006702,4.555955431283235,5.344044244949164,5.795816897753469,Npromotor
promoter-64,1.9299816936538228,3.721884978007543,5.032848748254217,5.627912314821942,5.961464787391958,Npromotor
promoter-65,1.9796322626759806,3.867530597177254,5.230439134006582,5.90707177008883,6.084968358876723,Npromotor
promoter-66,1.9357305002309706,3.706983918549922,5.082217539771815,5.820470648266222,6.1369164108247745,Npromotor
promoter-67,1.976592778779268,3.855274972285427,5.368662988924861,6.157197090657127,6.266786540694905,Npromotor
promoter-68,1.9723922221490908,3.851443641204717,5.376132488491734,6.028991962451998,6.214838488746853,Npromotor
promoter-69,1.9545651803501376,3.8641880163128906,5.315944039097259,6.019313917552466,6.188864462772827,Npromotor
promoter-70,1.9773732457877882,3.8525761166554675,5.395243564495872,5.881430744447807,6.084968358876723,Npromotor
promoter-71,1.904933986362653,3.6231524179148495,5.126645071472154,5.983994847011909,6.214838488746853,Npromotor
promoter-72,1.9803464138951994,3.9098315719929304,5.403534982623132,6.044954943193492,6.240812514720879,Npromotor
promoter-73,1.9666928177357432,3.7198441365837187,5.065192502202871,5.757693764263149,6.038089911156764,Npromotor
promoter-74,1.8527513764624106,3.6158709449975843,4.97474633729494,5.762903661142209,6.058994332902696,Npromotor
promoter-75,1.8701395040946474,3.6641096976052694,5.110884153778022,5.855789718806782,6.084968358876723,Npromotor
promoter-76,1.8020673957139755,3.468544460632849,4.77254167335776,5.672909430262031,5.9972425471603135,Npromotor
promoter-77,1.8261026864054888,3.539039681180112,4.908149819208356,5.733869526443614,5.9972425471603135,Npromotor
promoter-78,1.974849159231893,3.8207504390671247,5.243671811951097,5.916749814988364,6.188864462772827,Npromotor
promoter-79,1.973328639742789,3.8961274733371862,5.464987551892415,6.054632988093024,6.240812514720878,Npromotor
promoter-80,1.8899218060594118,3.6599522474777535,5.263517337197559,5.9839948470119095,6.214838488746853,Npromotor
promoter-81,1.9819309237264324,3.9071347798526403,5.219619476129705,5.942390840629388,6.188864462772827,Npromotor
promoter-82,1.94072416107881,3.7580945034002102,5.203858558435571,5.968031866270416,6.188864462772827,Npromotor
promoter-83,1.865384775356981,3.578243205425613,4.929496887034209,5.7485521806452375,6.101138651056418,Npromotor
promoter-84,1.9853274375338967,3.9201136098815907,5.391893406185868,6.157197090657128,6.266786540694905,Npromotor
promoter-85,1.974937501201927,3.8790266539090537,5.211328058002444,5.952068885528919,6.1369164108247745,Npromotor
promoter-86,1.9454355575162876,3.8125023052946654,5.30638850109519,5.952068885528922,6.136916410824775,Npromotor
promoter-87,1.9681525122917436,3.8713619282579637,5.289363463526249,5.958353821370884,6.15308670300447,Npromotor
promoter-88,1.9811492422780745,3.8065232906618003,5.154489766917974,5.8751458086058435,6.188864462772827,Npromotor
promoter-89,1.945026478772796,3.8369258344809203,5.338405273411403,6.003350936810973,6.214838488746853,Npromotor
promoter-90,1.9380503566581564,3.8078059085714075,5.069806780387685,5.71790654570212,6.003609105545678,Npromotor
promoter-91,1.9935553899333285,3.7813210717845878,5.167395463230048,5.916749814988363,6.205034754952522,Npromotor
promoter-92,1.956273499770526,3.791228138892854,5.189361760616246,5.916749814988362,6.188864462772827,Npromotor
promoter-93,1.9345450437371543,3.798456190745954,5.053550925765606,5.708228500802588,5.961464787391957,Npromotor
promoter-94,1.9916275205800782,3.9364007212416716,5.411004482190005,5.993672891911442,6.136916410824775,Npromotor
promoter-95,1.9719445869121703,3.8383743082448385,5.335055115101397,6.028991962451998,6.188864462772827,Npromotor
promoter-96,1.9935553899333285,3.877166846341842,5.284422203708991,5.94239084062939,6.188864462772827,Npromotor
promoter-97,1.8872385063205415,3.6330602038669766,5.0470185644411005,5.891108789347338,6.110942384850748,Npromotor
promoter-98,1.9561593866453226,3.8240587203982543,5.319294197407263,6.0193139175524655,6.188864462772827,Npromotor
promoter-99,1.9380503566581564,3.7635141052605925,5.118353653344895,5.900786834246869,6.188864462772827,Npromotor
promoter-100,1.9642276915166343,3.764099576871631,5.265311127704854,6.044954943193493,6.240812514720878,Npromotor
promoter-101,1.9400389517029457,3.7591597244303023,5.099242577340756,5.968031866270415,6.188864462772827,Npromotor
promoter-102,1.9450264787727958,3.6839040844889244,5.088422919463878,5.737262635501184,5.961464787391958,Npromotor
promoter-103,1.9273633629840938,3.7358045356705363,5.254491469827976,5.932712795729858,6.188864462772827,Npromotor
promoter-104,1.9454355575162876,3.760205823929463,5.31467991922245,5.9230347508303245,6.266786540694905,Npromotor
promoter-105,1.9856263738161595,3.915354791296874,5.350816032795531,5.9777099111699465,6.110942384850749,Npromotor
promoter-106,1.9462969190645103,3.752541098278373,5.072662001769745,5.804507667524728,6.110942384850749,Npromotor
promoter-107,1.9248965194669663,3.7346636526489507,5.11214827365283,5.881430744447807,6.240812514720878,Npromotor
promoter-108,1.9259427597535104,3.7458521186384197,5.1369350587165465,5.891108789347339,6.162890436798801,Npromotor
promoter-109,1.9278073790564174,3.759917229100659,5.075482489447263,5.8301486931657545,6.15308670300447,Npromotor
promoter-110,1.9495931346766868,3.8422940787668076,5.300183121403126,6.003350936810973,6.188864462772827,Npromotor
promoter-111,1.9916275205800782,3.9127717785925373,5.471192931584479,6.157197090657127,6.214838488746853,Npromotor
promoter-112,1.9287083917729702,3.6673474998309716,4.966252230167635,5.682587475161563,6.007046280954645,Npromotor
promoter-113,1.9571493990497748,3.841898048583217,5.317500406899969,6.003350936810972,6.188864462772827,Npromotor
promoter-114,1.5995527191446262,3.0230751165272696,4.223190714206409,5.076675617099508,5.727698553625723,Npromotor
promoter-115,1.879835114758885,3.7093064587536815,5.179806222614177,5.932712795729858,6.15308670300447,Npromotor
promoter-116,1.8984921230141798,3.5917730925068962,4.835258362501853,5.564060391855965,5.981072254980619,Npromotor
promoter-117,1.998781899058905,3.8021668463418408,5.308474539530387,6.096236994475545,6.214838488746853,Npromotor
promoter-118,1.97187720556432,3.805798022035008,5.252900368320725,6.054632988093024,6.214838488746853,Npromotor
promoter-119,1.924875370307638,3.7937425525307247,5.229175014131774,5.871752699548274,6.075164625082391,Npromotor
promoter-120,1.9739474887974748,3.868453957701921,5.308474539530387,5.993672891911442,6.162890436798801,Npromotor
promoter-121,1.9337504064457478,3.786925834480921,5.183156380924182,5.881430744447806,6.162890436798801,Npromotor
promoter-122,1.9943652621262196,3.883783409004101,5.293977741711062,5.977709911169946,6.162890436798801,Npromotor
promoter-123,1.8855073274420406,3.674547470614601,5.160695146610038,5.783871251185796,6.127112677030444,Npromotor
promoter-124,1.9610523736591823,3.869267665769974,5.222969634439708,5.95206888552892,6.188864462772827,Npromotor
promoter-125,1.8934241183856584,3.540576131705019,4.874744634384937,5.71790654570212,6.1369164108247745,Npromotor
promoter-126,1.9811492422780748,3.887125989868464,5.232525172441779,5.952068885528922,6.188864462772827,Npromotor
promoter-127,1.8555402659528137,3.6368908161038265,5.03746302643903,5.775473532826135,6.110942384850748,Npromotor
promoter-128,1.9589725077833624,3.867528533687584,5.322149418789322,6.044954943193492,6.214838488746852,Npromotor
promoter-129,1.9666928177357432,3.803951454597831,5.247756419503426,5.94239084062939,6.214838488746853,Npromotor
promoter-130,1.9794979478327321,3.8885744636323816,5.501450647097938,6.105915039375076,6.214838488746853,Npromotor
promoter-131,1.9454355575162876,3.7846314166053867,5.220883596004513,5.9327127957298575,6.214838488746852,Npromotor
promoter-132,1.9803494290107926,3.9259528274987012,5.376132488491733,5.942390840629388,6.214838488746852,Npromotor
promoter-133,1.9668857291711443,3.887991055511012,5.335055115101397,6.0289919624519985,6.188864462772827,Npromotor
promoter-134,1.944619790380781,3.80608661686381,5.191447799051443,5.830148693165756,6.117308943236114,Npromotor
promoter-135,1.9589725077833622,3.8509185279654674,5.455432013890347,6.0802740137340505,6.240812514720879,Npromotor
promoter-136,1.9870561722526991,3.8234561907459534,5.162781185045235,5.81079260336669,6.075164625082392,Npromotor
promoter-137,1.983588047541953,3.9027783355326804,5.354166191105536,6.019313917552467,6.188864462772827,Npromotor
promoter-138,1.9487187721288852,3.7656707896100405,5.264047007830045,5.926427859887895,6.0330203069286705,Npromotor
promoter-139,1.9000272679453158,3.6956498997612064,5.114968761330349,5.871752699548273,6.188864462772827,Npromotor
promoter-140,1.8826252196372122,3.707246495798924,5.109293052270771,5.900786834246869,6.188864462772827,Npromotor
promoter-141,1.7818206554724207,3.3996313733007737,4.839872640686666,5.804507667524729,6.214838488746852,Npromotor
promoter-142,1.9723922221490908,3.8958388785083833,5.357021412487596,6.0802740137340505,6.240812514720878,Npromotor
promoter-143,1.945739110874523,3.6410107420133393,4.905002349898396,5.717906545702119,6.1271126770304445,Npromotor
promoter-144,1.9697149752083492,3.87926110882983,5.4582872352724054,6.096236994475545,6.214838488746853,Npromotor
promoter-145,1.9273633629840936,3.709882929567426,5.0799460863024075,5.660339558578105,5.934193807260659,Npromotor
promoter-146,1.987760413427597,3.8596314166053873,5.287277425091053,6.08027401373405,6.266786540694905,Npromotor
promoter-147,1.9533586786908406,3.778354806346425,5.297654881653508,5.94239084062939,6.240812514720879,Npromotor
promoter-148,1.9885702856204883,3.8225759471011043,5.292713621836254,5.974316802112377,6.15308670300447,Npromotor
promoter-149,1.981339441415245,3.922085133395088,5.436320937886208,6.003350936810973,6.188864462772827,Npromotor
promoter-150,1.974106817268141,3.865791465094864,5.331704956791392,5.968031866270414,6.214838488746853,Npromotor
promoter-151,1.939416459970242,3.761368485198107,5.221175843932416,5.916749814988364,6.188864462772827,Npromotor
promoter-152,1.7847870098513245,3.453449464251447,4.81823332493291,5.672909430262032,6.049190599108366,Npromotor
promoter-153,1.896354720844747,3.7495838336375034,5.073483920330132,5.801114558467161,6.075164625082391,Npromotor
promoter-154,1.9898881305881344,3.9243816147602906,5.376132488491733,6.054632988093025,6.214838488746853,Npromotor
promoter-155,1.939416459970242,3.80012012351712,5.3761324884917325,6.070595968834518,6.214838488746853,Npromotor
promoter-156,1.9355197044802437,3.677053066905887,5.15943102673523,5.855789718806779,6.084968358876723,Npromotor
promoter-157,1.902622836862053,3.6586175531497904,5.18683352086663,5.9777099111699465,6.188864462772827,Npromotor
promoter-158,1.8154832627390367,3.5399587611132834,4.971396178984934,5.743547571343146,6.058994332902697,Npromotor
promoter-159,1.974103277381131,3.8417710290172273,5.330440836916583,6.0802740137340505,6.240812514720878,Npromotor
promoter-160,1.9039189004958978,3.699321256388502,5.148284387225911,6.054632988093025,6.214838488746853,Npromotor
promoter-161,1.9794979478327321,3.8083460163622496,5.208799818252826,5.9327127957298575,6.162890436798801,Npromotor
promoter-162,1.937608902812895,3.794502120690751,5.247021970261103,5.958353821370882,6.162890436798801,Npromotor
promoter-163,1.9273532946455803,3.6807980220350074,4.993035494738689,5.599379462396521,5.955098229006592,Npromotor
promoter-164,1.811107353550408,3.4542631723195,4.902073066924889,5.620347052440111,6.007046280954644,Npromotor
promoter-165,1.9446948441307086,3.8152684153452845,5.255755589702785,5.983994847011909,6.240812514720878,Npromotor
promoter-166,1.9701533218853364,3.799267835324337,5.33379099522659,6.009635872652935,6.240812514720879,Npromotor
promoter-167,1.9961046521181633,3.8712391892834708,5.325499577099329,6.003350936810973,6.214838488746853,Npromotor
promoter-168,1.920520616925892,3.672321651805534,5.007532292558015,5.733869526443613,6.101138651056417,Npromotor
promoter-169,1.9345450437371539,3.702890051478964,5.025379248687345,5.6472684046210055,5.961464787391957,Npromotor
promoter-170,1.9666928177357432,3.7649112214500144,5.238730552133843,5.95206888552892,6.214838488746853,Npromotor
promoter-171,1.67044237703756,3.2702784531190896,4.50015724509561,5.355539077670191,5.945294495212262,Npromotor
promoter-172,1.6581954615288326,3.2465620836455074,4.419593599822188,5.2945789814886055,5.8933464432642095,Npromotor
promoter-173,1.9121118878804149,3.739588327087977,5.150697407293548,5.948675776471352,6.188864462772827,Npromotor
promoter-174,1.9898881305881344,3.89023411581205,5.335055115101397,6.105915039375075,6.266786540694905,Npromotor
promoter-175,1.991122414039628,3.83047512767297,5.210063938127636,5.968031866270415,6.240812514720878,Npromotor
promoter-176,1.9676040597005013,3.8994700542015504,5.253227349953167,5.942390840629388,6.188864462772827,Npromotor
promoter-177,1.9803494290107928,3.8274033647522874,5.339996374918653,6.044954943193491,6.240812514720878,Npromotor
promoter-178,1.9891945446863777,3.7621259898684647,5.066456622077681,5.804507667524729,6.101138651056417,Npromotor
promoter-179,1.9355493528177607,3.8326964097269514,5.287277425091051,5.85578971880678,6.136916410824775,Npromotor
promoter-180,1.909891671111822,3.732532829587314,5.154489766917974,5.7885446867832355,5.997242547160314,Npromotor
promoter-181,1.9133774320996684,3.725664232669898,5.194303020433501,5.891108789347337,6.1369164108247745,Npromotor
promoter-182,1.9167858934251094,3.7636108266552837,5.284422203708992,6.070595968834518,6.240812514720879,Npromotor
promoter-183,1.963436939076795,3.8755956336034307,5.350816032795532,5.948675776471352,6.188864462772827,Npromotor
promoter-184,1.9358245357051223,3.8168053285504615,5.158166906860421,5.897393725189299,6.188864462772827,Npromotor
promoter-185,1.9272582767844977,3.809340758286915,5.1664583249876825,5.9230347508303245,6.188864462772827,Npromotor
promoter-186,1.937608902812895,3.7927650520980305,5.2710743060824985,5.983994847011907,6.188864462772826,Npromotor
promoter-187,1.9246694578726578,3.7026919595810908,5.15783992522798,5.968031866270414,6.240812514720878,Npromotor
promoter-188,1.8044194311779607,3.5873928064502087,4.968338268602831,5.621627378979979,5.90315017705854,Npromotor
promoter-189,1.8370943476282031,3.6318441215341672,4.996712634681136,5.698550455903056,6.007046280954644,Npromotor
promoter-190,1.9493835776503414,3.6890995768716306,5.121703811654899,5.905791443548962,6.15308670300447,Npromotor
promoter-191,1.88264991547502,3.679280230360762,5.096387355958696,5.916749814988362,6.162890436798801,Npromotor
promoter-192,1.7566382148391906,3.359734131754378,4.693649615569028,5.4997071866168135,5.945294495212262,Npromotor
promoter-193,1.9073722762680188,3.70543629138465,5.172663704679747,5.94239084062939,6.136916410824775,Npromotor
promoter-194,1.8367730337775554,3.5419711844047703,4.876830672820134,5.692265520061094,6.058994332902697,Npromotor
promoter-195,1.7806116916175305,3.452195042436783,4.802071364014887,5.664807706598577,6.075164625082392,Npromotor
promoter-196,1.875074066870341,3.6445021206907513,5.051959824258356,5.881430744447805,6.214838488746853,Npromotor
promoter-197,1.9093398028239175,3.7080602038669768,5.156373116353127,5.923034750830327,6.188864462772827,Npromotor
promoter-198,1.9589725077833622,3.8063231352742566,5.1989172986183165,5.916749814988363,6.214838488746853,Npromotor
promoter-199,1.9718772055643197,3.8530319119843894,5.268661286014859,5.977709911169947,6.1369164108247745,Npromotor
promoter-200,1.9935553899333283,3.9246702095890944,5.420560020192076,6.019313917552467,6.214838488746853,Npromotor
promoter-201,1.9802725854710739,3.8477761024886474,5.325499577099327,5.95206888552892,6.214838488746853,Npromotor
promoter-202,1.9039189004958974,3.707080639944614,5.15269597641068,5.80450766752473,6.188864462772827,Npromotor
promoter-203,1.9379812908123422,3.830509427206204,5.278216824016927,5.916749814988362,6.136916410824775,Npromotor
promoter-204,1.9794115720619947,3.890031896934838,5.3686629889248625,6.028991962451999,6.179060728978496,Npromotor
promoter-205,1.983588047541953,3.8861662663208936,5.395243564495873,6.028991962451999,6.240812514720878,Npromotor
promoter-206,1.9659902819357729,3.855037735031119,5.411004482190006,6.044954943193493,6.162890436798801,Npromotor
promoter-207,1.9723922221490908,3.888697202606874,5.366576950489664,6.157197090657128,6.214838488746853,Npromotor
promoter-208,1.7339754736460429,3.4098806685270135,4.763923273598057,5.639703142239173,6.039386865314035,Npromotor
promoter-209,1.9723922221490908,3.868453957701922,5.359107450922791,5.958353821370883,6.188864462772827,Npromotor
promoter-210,1.9271365194535068,3.7656707896100405,5.208472836620384,5.804507667524725,6.1369164108247745,Npromotor
promoter-211,1.9726869288759223,3.885554777130054,5.445876475888277,6.019313917552466,6.188864462772827,Npromotor
promoter-212,1.9093423696217657,3.622737266200327,4.996712634681137,5.8814307444478064,6.1369164108247745,Npromotor
promoter-213,1.89284776430561,3.7460733334291603,5.265311127704854,6.0289919624519985,6.188864462772827,Npromotor
promoter-214,1.8580431409856524,3.646213130444915,5.030320508504601,5.855789718806781,6.188864462772827,Npromotor
promoter-215,1.9794979478327321,3.8468849780075436,5.376132488491733,6.054632988093024,6.188864462772827,Npromotor
promoter-216,1.8856939731182647,3.6868915349476867,5.173600842922113,5.9264278598878946,6.1369164108247745,Npromotor
promoter-217,1.811198961793114,3.494095706477372,4.797036210493574,5.605664398238484,6.039386865314035,Npromotor
promoter-218,1.9719445869121703,3.898421891212721,5.442526317578272,6.131556065016102,6.266786540694905,Npromotor
promoter-219,1.9618873288630474,3.8262927799019995,5.294304723343504,5.993672891911441,6.240812514720879,Npromotor
promoter-220,1.9252804446145775,3.730998177422551,5.212149976562832,5.907071770088832,6.1271126770304445,Npromotor
promoter-221,1.9883036207569014,3.9080945034002097,5.406390204005191,6.0802740137340505,6.240812514720878,Npromotor
promoter-222,1.9564167759760478,3.7765685972810377,5.298919001528317,6.096236994475542,6.240812514720878,Npromotor
promoter-223,1.9428862953314527,3.794641917706506,5.385688026493803,6.0802740137340505,6.266786540694905,Npromotor
promoter-224,1.9961046521181633,3.9147453655957034,5.365312830614857,5.98399484701191,6.1628904367988016,Npromotor
promoter-225,1.9891945446863777,3.8958388785083837,5.385688026493804,6.070595968834519,6.266786540694905,Npromotor
promoter-226,1.9794979478327321,3.7334687553367423,5.173600842922112,5.94239084062939,6.188864462772827,Npromotor
promoter-227,1.991122414039628,3.93648916068293,5.4110044821900045,5.983994847011909,6.162890436798801,Npromotor
promoter-228,1.995384170811603,3.8093428217765832,5.091773077773882,5.871752699548275,6.162890436798801,Npromotor
promoter-229,1.9720196194442248,3.894641917706507,5.286013305216243,5.9777099111699465,6.214838488746853,Npromotor
promoter-230,1.9357887327199546,3.7965620836455076,5.305124381220382,5.968031866270416,6.214838488746853,Npromotor
promoter-231,1.991122414039628,3.857246495798925,5.260696849520041,5.90078683424687,6.162890436798801,Npromotor
promoter-232,1.9832995220211744,3.910877671492091,5.238730552133842,5.849504782964816,6.03302030692867,Npromotor
promoter-233,1.9943652621262196,3.96096611093335,5.486953849278613,5.958353821370884,6.101138651056417,Npromotor
promoter-234,1.9924373927729695,3.8645622682494225,5.36478315998237,5.98399484701191,6.162890436798801,Npromotor
promoter-235,1.8890278195119183,3.6013188387405553,5.010882450868019,5.86546776370631,6.1369164108247745,Npromotor
promoter-236,1.9710017879478037,3.857246495798924,5.35081603279553,6.009635872652935,6.240812514720878,Npromotor
promoter-237,1.925978598178143,3.7157571655616306,5.189654008544148,5.916749814988363,6.214838488746852,Npromotor
promoter-238,1.9627107119145406,3.857334935240184,5.344610653103468,5.993672891911442,6.214838488746853,Npromotor
promoter-239,1.9970425090669612,3.9398317415472937,5.597775210065493,6.182838116298154,6.266786540694905,Npromotor
promoter-240,1.9821521196764442,3.9124145846972675,5.5218258429768845,6.0802740137340505,6.240812514720879,Npromotor
promoter-241,1.9198391245944613,3.6735446301872132,5.01917386899528,5.743547571343145,6.075164625082391,Npromotor
promoter-242,1.94072416107881,3.812265786884219,5.328849735409334,5.98399484701191,6.1271126770304445,Npromotor
promoter-243,1.9726869288759223,3.8373351047945468,5.243344830318657,5.907071770088831,6.075164625082391,Npromotor
promoter-244,1.9773732457877882,3.8730989968506853,5.374868368616925,6.0705959688345175,6.214838488746852,Npromotor
promoter-245,1.998781899058905,3.9220871968847573,5.4110044821900045,6.0802740137340505,6.240812514720878,Npromotor
promoter-246,1.9544953762452772,3.733328958320987,5.265311127704853,6.054632988093025,6.188864462772827,Npromotor
promoter-247,1.9042778420193,3.665111376837558,5.125823152911766,5.855789718806779,6.127112677030444,Npromotor
promoter-248,1.9589377606240825,3.8227309221191605,5.237466432259035,5.9839948470119095,6.240812514720879,Npromotor
promoter-249,1.9898881305881342,3.8614027847313404,5.3130888177152,5.993672891911442,6.162890436798801,Npromotor
promoter-250,1.9219674444151946,3.776152982886244,5.231261052566971,5.916749814988365,6.136916410824775,Npromotor
promoter-251,1.89040129265964,3.7117961581988044,5.207208716745576,5.99367289191144,6.188864462772827,Npromotor
promoter-252,1.9709713055744702,3.8408105866257958,5.197653178743507,5.916749814988362,6.188864462772827,Npromotor
promoter-253,1.9916275205800784,3.902166846341841,5.47119293158448,6.019313917552468,6.162890436798801,Npromotor
promoter-254,1.9533586786908406,3.81035462174251,5.271516507396918,5.9777099111699465,6.136916410824775,Npromotor
promoter-255,1.8383587249100426,3.6252275588719076,4.874541945384894,5.701943564960626,6.058994332902697,Npromotor
promoter-256,1.9671138379886242,3.8124659422717633,5.248286090135912,5.958353821370883,6.188864462772827,Npromotor
promoter-257,1.929719863116596,3.6465963831787405,5.074421058572499,5.880150417907937,6.110942384850748,Npromotor
promoter-258,1.9739474887974748,3.851641733102592,5.300183121403126,5.948675776471354,6.101138651056417,Npromotor
promoter-259,1.8858392960483201,3.6708902360828795,5.05816520395042,5.871752699548274,6.188864462772827,Npromotor
promoter-260,1.8800871581571514,3.5927307525647976,4.926968647284593,5.717906545702121,6.003609105545678,Npromotor
promoter-261,1.9843626851802951,3.8948250150527874,5.2640470078300465,6.009635872652936,6.214838488746853,Npromotor
promoter-262,1.9883036207569014,3.8960390338959274,5.265311127704854,5.95206888552892,6.214838488746853,Npromotor
promoter-263,1.9869119473651298,3.8057980220350083,5.166458324987683,5.974316802112377,6.188864462772827,Npromotor
promoter-264,1.9132421859190383,3.626615674264036,4.9191721660852785,5.650661513678574,6.02321657313434,Npromotor
promoter-265,1.9832995220211744,3.935877671492091,5.454167894015539,6.054632988093024,6.188864462772827,Npromotor
promoter-266,1.8857273581868728,3.7080231220002124,5.117089533470086,5.865467763706311,6.162890436798801,Npromotor
promoter-267,1.9633423029285266,3.777367001729384,5.184747482431432,5.983994847011909,6.214838488746853,Npromotor
promoter-268,1.9796322626759806,3.7999237860408024,5.214678216312447,6.003350936810971,6.084968358876722,Npromotor
promoter-269,1.9979334329964378,3.864308691797714,5.365312830614855,5.923034750830325,6.162890436798801,Npromotor
promoter-270,1.9453952903447398,3.828266366905165,5.319294197407265,6.003350936810974,6.266786540694905,Npromotor
promoter-271,1.9259785981781432,3.8215773872652132,5.355757292612787,6.070595968834518,6.240812514720878,Npromotor
promoter-272,1.9001877423100793,3.6755567973151106,5.117089533470086,5.871752699548275,6.188864462772827,Npromotor
promoter-273,1.9431049430363636,3.7831458609747055,5.376132488491733,5.974316802112377,6.15308670300447,Npromotor
promoter-274,1.981261195746968,3.8596293531157175,5.393979444621064,6.003350936810973,6.136916410824775,Npromotor
promoter-275,1.9716703014874304,3.8937446160203937,5.354166191105536,5.948675776471353,6.188864462772827,Npromotor
promoter-276,1.952011742998551,3.8367256790933766,5.436320937886207,6.019313917552467,6.240812514720878,Npromotor
promoter-277,1.945739110874523,3.6986220466002644,5.138728849223842,5.942390840629387,6.214838488746853,Npromotor
promoter-278,1.9653744479966802,3.7401477398604603,5.092507527016205,5.830148693165753,6.188864462772827,Npromotor
promoter-279,1.9219674444151948,3.767259060389713,5.2420807104438465,6.003350936810972,6.188864462772827,Npromotor
promoter-280,1.9314482055082856,3.767259060389713,5.189361760616245,5.95206888552892,6.162890436798801,Npromotor
promoter-281,1.9431049430363636,3.7939166490797125,5.26069684952004,6.003350936810973,6.1369164108247745,Npromotor
promoter-282,1.9219674444151948,3.7156083677485823,5.236936761626547,5.8961133986494305,6.081531183467756,Npromotor
promoter-283,1.9500087168513311,3.7052749722854275,5.183156380924182,6.003350936810972,6.188864462772827,Npromotor
promoter-284,1.9167858934251094,3.7771800864718763,5.314679919222449,6.054632988093024,6.188864462772827,Npromotor
promoter-285,1.9861183153039013,3.8927307525647974,5.390629286311059,5.968031866270415,6.240812514720878,Npromotor
promoter-286,1.9885702856204883,3.882280795332157,5.376132488491734,6.028991962451999,6.162890436798801,Npromotor
promoter-287,1.9206189148904418,3.7502275588719076,5.119617773219702,5.81418571242426,6.1369164108247745,Npromotor
promoter-288,1.9545651803501376,3.8124509477201696,5.303533279713131,6.0352768982939615,6.188864462772827,Npromotor
promoter-289,1.9482021797836206,3.853012790453457,5.450817735705534,6.003350936810973,6.162890436798801,Npromotor
promoter-290,1.8504061805678873,3.6480036201018002,4.909086957450723,5.650661513678575,6.007046280954645,Npromotor
promoter-291,1.9039189004958974,3.7247215671635896,5.19556714030831,5.907071770088831,6.188864462772827,Npromotor
promoter-292,1.9885702856204883,3.918342241755637,5.4110044821900045,6.08027401373405,6.266786540694905,Npromotor
promoter-293,1.8909062509491723,3.656863243065099,5.15943102673523,5.932712795729856,6.084968358876723,Npromotor
promoter-294,1.9943652621262196,3.9027783355326804,5.365312830614856,6.08027401373405,6.214838488746853,Npromotor
promoter-295,1.8424377728286103,3.5867236156037077,4.9029163114632,5.708228500802589,6.049190599108366,Npromotor
promoter-296,1.975544464909514,3.9239449409623006,5.5977752100654925,6.0802740137340505,6.188864462772827,Npromotor
promoter-297,1.9803464138951994,3.8504297777491208,5.298919001528318,6.019313917552466,6.214838488746852,Npromotor
promoter-298,1.9539971562893517,3.645750439067125,5.023293210252148,5.820470648266223,6.162890436798801,Npromotor
promoter-299,1.9870561722526991,3.733922487175995,5.148611368858353,5.948675776471354,6.188864462772827,Npromotor
promoter-300,1.9110799555630678,3.7761186833530105,5.227583912624524,5.931432469189988,6.15308670300447,Npromotor
promoter-301,1.9533586786908408,3.846904099538475,5.3412604947934605,6.080274013734049,6.214838488746853,Npromotor
promoter-302,1.9454355575162876,3.772300592402337,5.189361760616245,5.9777099111699465,6.162890436798801,Npromotor
promoter-303,1.9533586786908408,3.846904099538475,5.3412604947934605,6.080274013734049,6.214838488746853,Npromotor
promoter-304,1.9454355575162876,3.772300592402337,5.189361760616245,5.9777099111699465,6.162890436798801,Npromotor
promoter-305,1.9533586786908408,3.846904099538475,5.3412604947934605,6.080274013734049,6.214838488746853,Npromotor
promoter-306,1.9410510448306986,3.7478988414631407,5.116267614909697,5.84611167390725,6.101138651056417,Npromotor
promoter-307,1.8863731700287067,3.649383678249961,4.992098356496322,5.694969554695455,5.90315017705854,Npromotor
promoter-308,1.915839018431767,3.7617236156037084,5.154816748550415,5.835153302467847,6.05555715749373,Npromotor
promoter-309,1.9832995220211747,3.885066026913708,5.293977741711062,5.830148693165755,6.110942384850748,Npromotor
promoter-310,1.935549352817761,3.800918527965468,5.278014135016883,5.968031866270415,6.162890436798801,Npromotor
promoter-311,1.9803464138951994,3.885066026913708,5.426765399884138,5.99367289191144,6.214838488746853,Npromotor
promoter-312,1.9410510448306988,3.7845562172941642,5.190918128418955,5.9389977315718205,6.101138651056417,Npromotor
promoter-313,1.98691194736513,3.839099576871631,5.354166191105536,6.028991962451999,6.240812514720878,Npromotor
promoter-314,1.9234909986465836,3.7675476552185163,5.182953691924137,5.886435353749899,6.0913349172620865,Npromotor
promoter-315,1.9183982810480775,3.700918527965467,5.203858558435572,5.9680318662704135,6.188864462772827,Npromotor
promoter-316,1.8419858339403943,3.516499492229686,4.709207844263117,5.485856988393019,5.945294495212262,Npromotor
promoter-317,1.9754317060458033,3.8510583249812225,5.344610653103467,6.054632988093025,6.162890436798801,Npromotor
promoter-318,1.9258344081400731,3.749325536979999,5.159431026735231,5.897393725189301,6.162890436798801,Npromotor
promoter-319,1.9428862953314527,3.7568632430650983,5.067720741952489,5.820470648266223,6.162890436798801,Npromotor
promoter-320,1.991122414039628,3.929226809296597,5.4110044821900045,6.009635872652936,6.188864462772827,Npromotor
promoter-321,1.961794715622934,3.789709002572801,5.168986564737299,5.788544686783234,6.02321657313434,Npromotor
promoter-322,1.9633423029285266,3.852455441170643,5.300183121403125,5.9680318662704135,6.162890436798801,Npromotor
promoter-323,1.9961046521181633,3.848569970181907,5.383159786744185,6.070595968834517,6.240812514720878,Npromotor
promoter-324,1.8681648355140057,3.6827695455485046,5.086831817956627,5.952068885528921,6.188864462772827,Npromotor
promoter-325,1.98691194736513,3.9333830982290134,5.461637393582411,6.054632988093024,6.214838488746853,Npromotor
promoter-326,1.9771710960377469,3.849058720398254,5.274866665706924,6.019313917552468,6.188864462772827,Npromotor
promoter-327,1.98010092840832,3.918576696676414,5.335055115101397,6.054632988093024,6.214838488746853,Npromotor
promoter-328,1.981261195746968,3.922173572836347,5.360371570797601,6.0802740137340505,6.214838488746853,Npromotor
promoter-329,1.9697149752083492,3.6803092718186603,5.096387355958697,5.878037635390237,6.136916410824775,Npromotor
promoter-330,1.935617380764456,3.81567078961004,5.284422203708993,5.8911087893473395,6.110942384850749,Npromotor
promoter-331,1.9726869288759223,3.84563665963117,5.2989190015283185,5.958353821370885,6.240812514720878,Npromotor
promoter-332,1.9794115720619947,3.8172077028152183,5.372782330181728,6.044954943193493,6.1369164108247745,Npromotor
promoter-333,1.9723922221490908,3.806811885490604,5.2606968495200395,5.85578971880678,6.110942384850749,Npromotor
promoter-334,1.919839124594461,3.7506109372231364,5.197123508111019,5.94867577647135,6.188864462772827,Npromotor
promoter-335,1.9334771973231129,3.807186137427136,5.325499577099329,6.054632988093025,6.188864462772827,Npromotor
promoter-336,1.983588047541953,3.8207504390671243,5.281072045398987,6.044954943193492,6.214838488746853,Npromotor
promoter-337,1.948718772128885,3.7145972866265167,5.002591032740759,5.717906545702119,6.023216573134341,Npromotor
promoter-338,1.965237843670264,3.828938214467794,5.218028374622454,6.003350936810971,6.214838488746852,Npromotor
promoter-339,1.9697149752083492,3.8519837489955595,5.164045304920044,5.94239084062939,6.214838488746853,Npromotor
promoter-340,1.9623230225905788,3.814911221450014,5.172336723047305,5.95206888552892,6.110942384850749,Npromotor
promoter-341,1.833467238597851,3.5722269939005122,4.905736799140718,5.8364336290077174,6.1369164108247745,Npromotor
promoter-342,1.9533586786908406,3.750918527965467,5.147789450297964,5.743547571343145,6.084968358876723,Npromotor
promoter-343,1.8800871581571514,3.649049719600961,5.0207649705025315,5.71790654570212,6.007046280954645,Npromotor
promoter-344,1.9431049430363636,3.7822464957989244,5.292713621836254,6.0802740137340505,6.240812514720879,Npromotor
promoter-345,1.9509207357525793,3.7920075474276733,5.344610653103466,5.932712795729858,6.136916410824775,Npromotor
promoter-346,1.9801009284083202,3.865145676370791,5.376132488491733,6.0289919624519985,6.136916410824775,Npromotor
promoter-347,1.9150565336613719,3.714239373887386,5.045224773933805,5.716626219162251,5.9972425471603135,Npromotor
promoter-348,1.981261195746968,3.9165337917629195,5.420560020192074,5.9839948470119095,6.214838488746853,Npromotor
promoter-349,1.924875370307638,3.7267301725438506,5.1818922610493745,5.907071770088832,6.188864462772827,Npromotor
promoter-350,1.979411572061995,3.7110798903693043,5.140814887659038,5.891108789347339,6.188864462772827,Npromotor
promoter-351,1.9589377606240825,3.810515940841734,5.3001831214031245,5.891108789347338,6.127112677030444,Npromotor
promoter-352,1.9629195335436873,3.7524554411706434,5.243142141318611,5.968031866270413,6.188864462772826,Npromotor
promoter-353,1.9454355575162876,3.852689896091421,5.366576950489665,6.070595968834519,6.266786540694905,Npromotor
promoter-354,1.9566355596866203,3.737265786884219,5.02043798887009,5.656946449520538,6.01341283934001,Npromotor
promoter-355,1.901250325941389,3.653789416654746,4.952577350908698,5.794829622625198,6.214838488746853,Npromotor
promoter-356,1.8477567711277292,3.5705159841463474,4.941138463471476,5.680770687340071,6.065360891288061,Npromotor
promoter-357,1.9573481917883475,3.7225028112795497,5.031257646746966,5.8814307444478064,6.162890436798801,Npromotor
promoter-358,1.9527243751002783,3.6920397834712375,4.990507254989072,5.6825874751615615,5.9972425471603135,Npromotor
promoter-359,1.9412761621580892,3.7443019653032064,5.167395463230049,5.7935492960853265,6.075164625082392,Npromotor
promoter-360,1.8886967080153405,3.7104752972273336,5.121501122654854,5.803227340984858,6.049190599108366,Npromotor
promoter-361,1.9953841708116027,3.885354621742511,5.254491469827977,5.871752699548275,6.162890436798801,Npromotor
promoter-362,1.900184265284023,3.6536242796442964,5.08556769808182,5.717906545702121,5.9776350795716535,Npromotor
promoter-363,1.9892936331613535,3.9276898960914206,5.531381380978954,6.131556065016101,6.214838488746853,Npromotor
promoter-364,1.9741068172681409,3.8221385544592525,5.241585773515902,5.958353821370883,6.214838488746853,Npromotor
promoter-365,1.9073610966120569,3.677926414501867,5.107207013835575,5.926427859887895,6.240812514720878,Npromotor
promoter-366,1.8390425076434576,3.59036113537804,4.928198033454861,5.794829622625198,6.162890436798801,Npromotor
promoter-367,1.9741068172681409,3.8547498590461773,5.205122678310381,5.993672891911441,6.240812514720878,Npromotor
promoter-368,1.9819309237264324,3.839063213848728,5.202594438560763,5.85578971880678,6.162890436798801,Npromotor
promoter-369,1.9520692869361014,3.7693019653032076,5.1013286157759525,5.810792603366691,6.049190599108366,Npromotor
promoter-370,1.9653744479966804,3.824381614760291,5.28650824214419,5.916749814988363,6.188864462772827,Npromotor
promoter-371,1.9589377606240825,3.7897624236369656,5.1470202673511025,5.881430744447806,6.162890436798801,Npromotor
promoter-372,1.9462969190645103,3.7983355152611304,5.259105748012789,5.9327127957298575,6.1369164108247745,Npromotor
promoter-373,1.875074066870341,3.6599172291006594,5.186833520866629,5.862074654648741,6.1628904367988,Npromotor
promoter-374,1.8505326140344862,3.6646892878154125,5.141141869291482,5.8973937251893,6.188864462772827,Npromotor
promoter-375,1.978583948806226,3.8793474847814218,5.341260494793461,5.977709911169947,6.214838488746853,Npromotor
promoter-376,1.9953841708116027,3.9542611088298303,5.458782172200351,6.096236994475544,6.266786540694905,Npromotor
promoter-377,1.9832995220211744,3.918342241755637,5.344610653103467,6.028991962451998,6.162890436798801,Npromotor
promoter-378,1.9864010114545017,3.8733334517714617,5.360371570797601,6.028991962451999,6.214838488746853,Npromotor
promoter-379,1.975431706045803,3.766716889109201,5.193038900558693,5.95206888552892,6.214838488746853,Npromotor
promoter-380,1.8653847753569812,3.67903989403909,5.113412393527638,5.814185712424258,6.1369164108247745,Npromotor
promoter-381,1.9618873288630476,3.8570463404113804,5.395243564495871,6.131556065016101,6.266786540694905,Npromotor
promoter-382,1.9832995220211744,3.833006063958951,5.282628413201697,5.958353821370882,6.214838488746852,Npromotor
promoter-383,1.937950963075925,3.7804751276729713,5.248286090135912,5.968031866270416,6.188864462772827,Npromotor
promoter-384,1.7533240812070527,3.399685006589943,4.73525665959185,5.57534993700002,6.058994332902697,Npromotor
promoter-385,1.9184424555223027,3.762362508278911,5.113412393527638,5.830148693165754,6.136916410824775,Npromotor
promoter-386,1.9334771973231129,3.7945021206907503,5.325499577099328,6.105915039375075,6.266786540694905,Npromotor
promoter-387,1.956273499770526,3.7753611786826538,5.194303020433502,5.830148693165754,6.1369164108247745,Npromotor
promoter-388,1.98010092840832,3.850395478215887,5.230439134006583,5.958353821370883,6.214838488746853,Npromotor
promoter-389,1.900184265284023,3.7572828588218266,5.244935931825907,5.958353821370885,6.214838488746853,Npromotor
promoter-390,1.97187720556432,3.8897110660624707,5.430115558194144,6.0802740137340505,6.240812514720878,Npromotor
promoter-391,1.9607573031877166,3.8703158287588035,5.378218526926929,6.019313917552466,6.240812514720878,Npromotor
promoter-392,1.9803494290107926,3.8789382144677944,5.220883596004513,5.875145808605844,6.110942384850748,Npromotor
promoter-393,1.9633423029285266,3.830326329859922,5.249550210010721,5.99367289191144,6.214838488746853,Npromotor
promoter-394,1.8622900780397522,3.6144567707669006,5.097651475833506,5.916749814988363,6.266786540694905,Npromotor
promoter-395,1.9803494290107928,3.8773066433575956,5.32423545722452,5.99367289191144,6.240812514720878,Npromotor
promoter-396,1.9785839488062262,3.881523290661801,5.376132488491733,6.0802740137340505,6.266786540694905,Npromotor
promoter-397,1.9773732457877882,3.873858565010711,5.401448944187936,6.131556065016102,6.240812514720879,Npromotor
promoter-398,1.9545879950977736,3.6534494642514477,5.122967931529706,5.90078683424687,6.188864462772827,Npromotor
promoter-399,1.9235303415187617,3.7894738288081635,5.26866128601486,5.993672891911442,6.240812514720879,Npromotor
promoter-400,1.9607573031877168,3.879749859046177,5.208799818252826,5.907071770088831,6.1369164108247745,Npromotor
promoter-401,1.9732831460785674,3.848133296383917,5.315944039097259,6.054632988093024,6.214838488746853,Npromotor
promoter-402,1.978583948806226,3.797487507659844,5.281072045398988,5.916749814988362,6.162890436798801,Npromotor
promoter-403,1.9431049430363634,3.708710273182547,5.0346078050569725,5.783871251185794,6.15308670300447,Npromotor
promoter-404,1.9935553899333285,3.906723446049344,5.31467991922245,5.99367289191144,6.214838488746853,Npromotor
promoter-405,1.975431706045803,3.8534494642514483,5.338405273411404,6.070595968834519,6.240812514720879,Npromotor
promoter-406,1.7552805663468425,3.440395434911274,4.764339814158358,5.611949334080446,6.084968358876723,Npromotor
promoter-407,1.7532562580306215,3.391445873614777,4.656576363753582,5.458103180234294,5.981072254980619,Npromotor
promoter-408,1.9482021797836206,3.746123148807104,5.109876820183423,5.777049854062212,6.0330203069286705,Npromotor
promoter-409,1.8608517433702234,3.618017086353187,5.132523469531777,5.932712795729858,6.110942384850749,Npromotor
promoter-410,1.9953841708116027,3.857334935240184,5.287277425091051,6.0289919624519985,6.214838488746853,Npromotor
promoter-411,1.952011742998551,3.815234115812051,5.218028374622453,6.044954943193492,6.240812514720878,Npromotor
promoter-412,1.8504061805678873,3.583180160507939,5.015823710685275,5.865467763706314,6.162890436798801,Npromotor
promoter-413,1.8668405195347284,3.6872144293097238,5.18683352086663,5.916749814988364,6.162890436798801,Npromotor
promoter-414,1.9413443293234922,3.8227372662003276,5.300183121403126,5.977709911169947,6.162890436798801,Npromotor
promoter-415,1.8485924060458738,3.596777542652757,5.064662831570387,5.865467763706313,6.15308670300447,Npromotor
promoter-416,1.9462969190645103,3.7895088471852576,5.274866665706924,6.028991962451998,6.188864462772827,Npromotor
promoter-417,1.979411572061995,3.911925834480921,5.467842773274475,6.080274013734049,6.240812514720878,Npromotor
promoter-418,1.8967480182088352,3.6830945034002105,5.11055717214558,5.907071770088832,6.188864462772827,Npromotor
promoter-419,1.9189012676456634,3.7497749882277542,5.113412393527639,5.900786834246868,6.188864462772827,Npromotor
promoter-420,1.9273532946455803,3.769353322877703,5.10259273565076,5.733869526443614,6.029583131519704,Npromotor
promoter-421,1.940038951702946,3.717547655218516,4.942165160641701,5.793549296085328,6.075164625082393,Npromotor
promoter-422,1.7990308238858277,3.485515940841734,4.922027387467338,5.891108789347338,6.240812514720879,Npromotor
promoter-423,1.8298626904845365,3.4107461151710132,4.653101912811178,5.432462154593266,5.847764949701523,Npromotor
promoter-424,1.9545651803501376,3.780020676989857,5.184747482431432,5.907071770088833,6.162890436798801,Npromotor
promoter-425,1.8817132764080249,3.650931768095503,5.093037197648691,5.897393725189299,6.127112677030444,Npromotor
promoter-426,1.917306104934971,3.766898048583217,5.168986564737299,5.916749814988363,6.188864462772827,Npromotor
promoter-427,1.9079947740350414,3.603503604159473,4.901122520955905,5.5350262571573685,5.899713001649576,Npromotor
promoter-428,1.8143283878657739,3.389622626621211,4.69912054601877,5.471174334191394,5.831594657521828,Npromotor
promoter-429,1.7482300339118666,3.416082123413336,4.668952389433169,5.501819969134512,5.967831345777322,Npromotor
promoter-430,1.950781419127933,3.789979820516481,5.176951001232118,5.9777099111699465,6.188864462772827,Npromotor
promoter-431,1.860390798797423,3.60342840484825,5.0137376722500795,5.80450766752473,6.1628904367988016,Npromotor
promoter-432,1.902622836862053,3.7118475157732993,5.042731267888728,5.733869526443611,6.110942384850748,Npromotor
promoter-433,1.8020962499367261,3.5459595539932067,4.847634388181439,5.605664398238484,5.981072254980618,Npromotor
promoter-434,1.9803464138951994,3.8496702095890942,5.389038184803808,6.054632988093024,6.240812514720879,Npromotor
promoter-435,1.967113837988624,3.825918527965467,5.344610653103467,6.044954943193492,6.188864462772827,Npromotor
promoter-436,1.9943652621262196,3.800769730152419,5.283158083834184,5.907071770088832,6.136916410824775,Npromotor
promoter-437,1.9853274375338967,3.8419191079864135,5.279807925524179,5.958353821370884,6.1369164108247745,Npromotor
promoter-438,1.9326304274192987,3.79276505209803,5.17568688135731,5.830148693165754,6.1369164108247745,Npromotor
promoter-439,1.9091419373046556,3.6744700542015494,5.045754444566292,5.809512276826823,6.058994332902698,Npromotor
promoter-440,1.9211174025922337,3.723385330639074,5.216764254747644,5.916749814988364,6.101138651056417,Npromotor
promoter-441,1.9103583635013701,3.6601003264469414,5.086831817956627,5.798222731682766,5.987438813365983,Npromotor
promoter-442,1.9944463138628048,3.8773670017293846,5.268661286014859,6.028991962451998,6.240812514720878,Npromotor
promoter-443,1.9073610966120569,3.7235699701819076,5.151961527168358,5.819190321726353,6.075164625082393,Npromotor
promoter-444,1.9400389517029457,3.7645622682494215,5.137464729349033,5.8301486931657545,6.162890436798801,Npromotor
promoter-445,1.9935553899333285,3.923098996850684,5.366576950489664,6.096236994475545,6.240812514720878,Npromotor
promoter-446,1.899306757783426,3.6314087923819853,4.889975881446585,5.656946449520534,5.9972425471603135,Npromotor
promoter-447,1.9264318757086276,3.6960390338959277,5.067191071320003,5.788544686783235,6.101138651056418,Npromotor
promoter-448,1.956416775976048,3.841603109673248,5.261960969394849,6.070595968834517,6.240812514720879,Npromotor
promoter-449,1.9151999226133205,3.753554961733969,5.126645071472155,5.94239084062939,6.214838488746853,Npromotor
promoter-450,1.753154206691432,3.455754002860619,4.930318805594598,5.820470648266223,6.188864462772827,Npromotor
promoter-451,1.9297198631165962,3.814911221450014,5.059721571753132,5.814185712424261,6.084968358876723,Npromotor
promoter-452,1.9173436277271254,3.7190997464259943,5.141876318533804,5.907071770088832,6.214838488746853,Npromotor
promoter-453,1.8987338972944743,3.6747045091223276,5.154489766917974,6.0193139175524655,6.240812514720878,Npromotor
promoter-454,1.9334771973231129,3.820838878508383,5.374868368616925,5.916749814988363,6.162890436798801,Npromotor
promoter-455,1.9629195335436873,3.846039033895927,5.395243564495871,5.999957827753404,6.240812514720878,Npromotor
promoter-456,1.981339441415245,3.89144813465519,5.4807484695865485,6.0289919624519985,6.162890436798801,Npromotor
promoter-457,1.8668469951915263,3.698098996850684,5.085240716449377,5.871752699548274,6.101138651056417,Npromotor
promoter-458,1.8906070675562132,3.6652875368762157,5.14114186929148,5.932712795729857,6.162890436798801,Npromotor
promoter-459,1.9589377606240825,3.8202273893175445,5.319621179039706,6.009635872652935,6.214838488746853,Npromotor
promoter-460,1.932438217912738,3.7856775161045473,5.233789292316588,5.993672891911442,6.136916410824775,Npromotor
promoter-461,1.9337504064457478,3.7866161802489198,5.282628413201697,6.0193139175524655,6.214838488746853,Npromotor
promoter-462,1.974103277381131,3.779461264217375,5.126645071472154,5.90707177008883,6.162890436798801,Npromotor
promoter-463,1.89284776430561,3.6272011458750737,5.021499419744853,5.804507667524727,6.110942384850748,Npromotor
promoter-464,1.9522383285551523,3.7845600352053896,5.164372286552486,5.8814307444478064,6.214838488746853,Npromotor
promoter-465,1.930572766528695,3.7099172291006592,5.208472836620384,5.99367289191144,6.214838488746853,Npromotor
promoter-466,1.929719863116596,3.7807095825937482,5.208472836620385,5.907071770088832,6.240812514720878,Npromotor
promoter-467,1.9716703014874304,3.913374308244837,5.534236602361013,6.157197090657127,6.266786540694905,Npromotor
promoter-468,1.89849212301418,3.6923988574054674,5.148284387225911,5.958353821370885,6.162890436798801,Npromotor
promoter-469,1.880225209205766,3.699993103951131,5.065926951445194,5.769188596984172,6.013412839340009,Npromotor
promoter-470,1.9755444649095137,3.8602058239294625,5.393449773988577,6.054632988093025,6.188864462772827,Npromotor
promoter-471,1.974103277381131,3.9001953228283437,5.506064925282751,6.182838116298152,6.266786540694905,Npromotor
promoter-472,1.8912433117770457,3.5468823212914176,4.895446811896328,5.798222731682765,6.1369164108247745,Npromotor
promoter-473,1.887749655589193,3.6335614753694987,4.920233596960043,5.772581706041741,6.136916410824775,Npromotor
promoter-474,1.9272582767844975,3.7656707896100405,5.195567140308311,5.81418571242426,6.110942384850749,Npromotor
promoter-475,1.9208364364073258,3.79693839907171,5.273602545832115,5.98399484701191,6.162890436798801,Npromotor
promoter-476,1.9785839488062262,3.8553263298599227,5.359107450922791,5.9777099111699465,6.188864462772827,Npromotor
promoter-477,1.9316136509915922,3.7498315286883175,5.157839925227979,5.958353821370884,6.214838488746853,Npromotor
promoter-478,1.9811492422780743,3.624435035824455,4.986830115046626,5.810792603366692,6.1271126770304445,Npromotor
promoter-479,1.9045633869956387,3.736837395039662,5.110354483145535,5.778866641883703,6.110942384850748,Npromotor
promoter-480,1.9663517601564804,3.8036153201057576,5.193038900558694,5.907071770088833,6.110942384850749,Npromotor
promoter-481,1.9287083917729702,3.7004811353236153,4.9958907161207495,5.819190321726353,6.205034754952523,Npromotor
promoter-482,1.9741068172681409,3.791568810140014,5.284422203708992,5.94239084062939,6.1369164108247745,Npromotor
promoter-483,1.929719863116596,3.789911221450014,5.259105748012791,6.054632988093023,6.240812514720878,Npromotor
promoter-484,1.977171096037747,3.862160289401698,5.274866665706924,5.865467763706312,6.058994332902697,Npromotor
promoter-485,1.9500087168513311,3.8408105866257953,5.274866665706923,5.871752699548275,6.110942384850748,Npromotor
promoter-486,1.8959985567649622,3.7396226266212107,5.344610653103467,6.0289919624519985,6.240812514720878,Npromotor
promoter-487,1.921029412314485,3.767765052098031,5.097651475833506,5.708228500802588,5.971268521186287,Npromotor
promoter-488,1.9199291181409879,3.7050748168978838,5.122967931529707,5.71662621916225,6.075164625082392,Npromotor
promoter-489,1.8689424028230797,3.5645431467184903,4.885891273894258,5.804507667524728,6.162890436798801,Npromotor
promoter-490,1.9487187721288848,3.7556492242219583,5.246200051700716,5.993672891911442,6.188864462772827,Npromotor
promoter-491,1.9851283028994489,3.863574463632381,5.420560020192076,6.208479141939178,6.266786540694905,Npromotor
promoter-492,1.95793850990499,3.8253934147262187,5.259432729645232,5.94239084062939,6.240812514720878,Npromotor
promoter-493,1.887749655589193,3.6814480913505774,5.088388185759338,5.881430744447805,6.162890436798801,Npromotor
promoter-494,1.9589377606240825,3.7778900514789644,5.197653178743507,5.952068885528922,6.240812514720878,Npromotor
promoter-495,1.995384170811603,3.9098315719929313,5.230439134006582,5.932712795729858,6.162890436798801,Npromotor
promoter-496,1.9235303415187615,3.6891880163128903,5.051959824258356,5.865467763706312,6.188864462772827,Npromotor
promoter-497,1.9206189148904418,3.6748724284663066,5.0075322925580155,5.846111673907248,6.1369164108247745,Npromotor
promoter-498,1.965237843670264,3.855126174472379,5.207208716745576,5.804507667524729,6.084968358876723,Npromotor
promoter-499,1.9883036207569014,3.8481332963839177,5.3637217291076045,5.974316802112378,6.127112677030444,Npromotor
promoter-500,1.829831731782003,3.6409593844388435,5.090508957899074,5.810792603366691,6.110942384850748,Npromotor
promoter-501,1.9961046521181633,3.9080945034002115,5.298919001528318,5.968031866270414,6.1369164108247745,Npromotor
promoter-502,1.9199291181409879,3.7507183725779236,5.243344830318657,6.0289919624519985,6.214838488746852,Npromotor
promoter-503,1.9709713055744702,3.836637239652117,5.178542102739369,5.942390840629389,6.240812514720879,Npromotor
promoter-504,1.9103529786397742,3.7988585650107107,5.210063938127635,5.923034750830326,6.188864462772827,Npromotor
promoter-505,1.8884200196499314,3.6073883563043494,5.073396451012067,5.846111673907249,6.127112677030444,Npromotor
promoter-506,1.8850541190800012,3.6795840031918674,5.10100163414351,5.846111673907248,6.162890436798801,Npromotor
promoter-507,1.925978598178143,3.7420397834712373,5.208472836620385,5.769188596984172,6.013412839340009,Npromotor
promoter-508,1.904052895593593,3.7071670158962053,5.172336723047304,5.695989802823316,5.971268521186288,Npromotor
promoter-509,1.9096697103418236,3.6387856420481333,5.03231907762173,5.875145808605843,6.214838488746853,Npromotor
promoter-510,1.949871559557208,3.8915167337216574,5.436320937886209,6.028991962451999,6.240812514720879,Npromotor
promoter-511,1.9832995220211747,3.867207702815217,5.339996374918654,5.913356705930793,6.110942384850748,Npromotor
promoter-512,1.912960353942882,3.7404876922637587,5.062779482135233,5.839826738065285,6.162890436798801,Npromotor
promoter-513,1.915324831925262,3.704549703658634,5.118353653344895,5.765795487926602,6.075164625082392,Npromotor
promoter-514,1.952011742998551,3.835791295540502,5.445876475888276,6.08027401373405,6.188864462772827,Npromotor
promoter-515,1.9495931346766868,3.814476611141693,5.264047007830046,5.968031866270415,6.214838488746853,Npromotor
promoter-516,1.8810306650846764,3.654751922535847,5.0501660337510605,5.794829622625196,6.1369164108247745,Npromotor
promoter-517,1.9347926432821727,3.796755301725428,5.365312830614855,5.9839948470119095,6.188864462772827,Npromotor
promoter-518,1.8858392960483201,3.6876490396180444,5.091773077773883,5.855789718806781,6.075164625082392,Npromotor
promoter-519,1.9961046521181633,3.8734218912127205,5.313415799347642,6.0802740137340505,6.240812514720878,Npromotor
promoter-520,1.929719863116596,3.8150853179990025,5.3350551151013965,5.968031866270416,6.1369164108247745,Npromotor
promoter-521,1.8826653469854977,3.7006833542008293,5.147020267351102,5.84611167390725,6.188864462772827,Npromotor
promoter-522,1.904933986362653,3.734106303366137,5.235380393823838,5.926427859887895,6.214838488746853,Npromotor
promoter-523,1.828749700363978,3.5022875218266645,4.9439589511489945,5.767908270444301,6.101138651056417,Npromotor
promoter-524,1.9935553899333285,3.859342821776584,5.31467991922245,5.948675776471353,6.162890436798801,Npromotor
promoter-525,1.9883036207569014,3.9089040844889245,5.376132488491733,6.08027401373405,6.266786540694905,Npromotor
promoter-526,1.9935553899333285,3.9154342711995946,5.315944039097259,5.977709911169947,6.214838488746853,Npromotor
promoter-527,1.9173436277271254,3.772933140996374,5.290627583401056,5.974316802112378,6.1369164108247745,Npromotor
promoter-528,1.8630527901690803,3.6321861374271354,5.074952818814777,5.727584590601652,6.049190599108367,Npromotor
promoter-529,1.9561593866453224,3.8280127904534575,5.167722444862491,5.846111673907248,6.1271126770304445,Npromotor
promoter-530,1.8858392960483201,3.54720787236958,4.900353338009042,5.742267244803276,6.049190599108367,Npromotor
promoter-531,1.9723922221490908,3.799093019931488,5.099242577340757,5.778866641883704,6.058994332902698,Npromotor
promoter-532,1.9710017879478037,3.8524897407038767,5.411004482190006,6.003350936810973,6.214838488746853,Npromotor
promoter-533,1.9710017879478037,3.8746702095890937,5.339996374918653,6.054632988093022,6.188864462772827,Npromotor
promoter-534,1.9869119473651298,3.914220252356454,5.4172098618820685,6.105915039375075,6.214838488746853,Npromotor
promoter-535,1.9935553899333285,3.821039033895927,5.189361760616246,5.916749814988362,6.214838488746852,Npromotor
promoter-536,1.9659902819357726,3.8201136098815907,5.272338425957306,5.942390840629389,6.188864462772827,Npromotor
promoter-537,1.9456848565351608,3.715539049838255,5.127909191346962,5.855789718806777,6.162890436798801,Npromotor
promoter-538,1.940038951702946,3.7036063193084643,5.065192502202871,5.84611167390725,6.101138651056417,Npromotor
promoter-539,1.8711797518627125,3.675664232669898,4.993654724299035,5.75951055208464,6.136916410824775,Npromotor
promoter-540,1.976948685647897,3.861079890369304,5.442526317578271,5.968031866270415,6.162890436798801,Npromotor
promoter-541,1.8922776860824062,3.6465360248069527,5.029790837872114,5.785151577725666,6.084968358876722,Npromotor
promoter-542,1.8671835040169533,3.703335684815494,5.094593565451402,5.846111673907249,6.1369164108247745,Npromotor
promoter-543,1.949871559557208,3.827166846341841,5.355757292612787,6.0193139175524655,6.214838488746853,Npromotor
promoter-544,1.9961046521181633,3.808311716829016,5.131259349656969,5.871752699548275,6.075164625082393,Npromotor
promoter-545,1.880720454284028,3.655998177422551,5.081395621211425,5.749832507185108,5.971268521186288,Npromotor
promoter-546,1.9709713055744702,3.880937819050762,5.376132488491734,6.028991962451998,6.214838488746853,Npromotor
promoter-547,1.9883036207569014,3.872408027757124,5.3063885010951894,6.019313917552467,6.266786540694905,Npromotor
promoter-548,1.9996728229883816,3.797661604208833,5.282628413201698,6.009635872652935,6.162890436798801,Npromotor
promoter-549,1.9864010114545017,3.9055978666474642,5.496509387280682,6.105915039375076,6.266786540694905,Npromotor
promoter-550,1.9167858934251094,3.739220252356454,5.062779482135234,5.830148693165755,6.084968358876723,Npromotor
promoter-551,1.9944463138628048,3.860205823929462,5.379482646801739,6.1315560650161025,6.214838488746853,Npromotor
promoter-552,1.9796322626759806,3.832046340411381,5.290627583401057,6.044954943193493,6.214838488746853,Npromotor
promoter-553,1.9482021797836204,3.8017301725438504,5.198917298618316,5.871752699548274,6.1369164108247745,Npromotor
promoter-554,1.9248817999239942,3.7474080277571242,5.224233754314519,5.855789718806781,6.084968358876723,Npromotor
promoter-555,1.925317959222411,3.753139810019448,5.106269875593209,5.830148693165756,6.084968358876723,Npromotor
promoter-556,1.9701533218853364,3.874381614760291,5.4172098618820685,6.105915039375076,6.214838488746852,Npromotor
promoter-557,1.9273633629840938,3.592296142256476,4.948607963038349,5.685980584219132,6.084968358876722,Npromotor
promoter-558,1.9650375637095256,3.886602940118884,5.372782330181729,5.94239084062939,6.214838488746853,Npromotor
promoter-559,1.8407777263768033,3.5564480913505774,4.91276409739317,5.701943564960627,6.110942384850749,Npromotor
promoter-560,1.8745758701029693,3.7123282087456775,5.2470219702611045,5.968031866270414,6.162890436798801,Npromotor
promoter-561,1.7652070975041765,3.3860778268796343,4.642901484494645,5.4265083924559585,5.8281574821128626,Npromotor
promoter-562,1.9719445869121703,3.877201145875074,5.339996374918653,5.9777099111699465,6.162890436798801,Npromotor
promoter-563,1.9932858588354365,3.940957320949175,5.4159457420072625,6.096236994475545,6.240812514720878,Npromotor
promoter-564,1.937608902812895,3.8230989968506837,5.211328058002444,5.923034750830327,6.1271126770304445,Npromotor
promoter-565,1.9943652621262196,3.881723446049345,5.455432013890346,5.983994847011909,6.240812514720878,Npromotor
promoter-566,1.9545879950977734,3.8457847386003587,5.401448944187935,5.881430744447805,6.110942384850748,Npromotor
promoter-567,1.8768977775838513,3.6999046645098708,5.053223944133165,5.993672891911442,6.214838488746853,Npromotor
promoter-568,1.9856263738161597,3.820513920656678,5.122967931529708,5.7788666418837,6.1011386510564165,Npromotor
promoter-569,1.9393116548387548,3.7854816413085004,5.228645343499289,5.952068885528921,6.162890436798801,Npromotor
promoter-570,1.986118315303901,3.9271668463418408,5.452081855580342,5.968031866270415,6.136916410824775,Npromotor
promoter-571,1.9908781429925868,3.953824435031841,5.4396710961962125,6.070595968834518,6.266786540694905,Npromotor
promoter-572,1.985128302899449,3.8542268092965974,5.436320937886208,6.0289919624519985,6.266786540694905,Npromotor
promoter-573,1.9369026492061707,3.7273823053490895,5.085567698081819,5.818653860444732,6.084968358876723,Npromotor
promoter-574,1.9681525122917434,3.769825015052787,5.154489766917974,5.788544686783232,6.110942384850748,Npromotor
promoter-575,1.9754317060458033,3.8427307525647967,5.286013305216244,5.900786834246871,6.136916410824775,Npromotor
promoter-576,1.9337504064457478,3.8070595805414165,5.2304391340065814,5.94239084062939,6.084968358876723,Npromotor
promoter-577,1.9093398028239172,3.769441762318962,5.194595268361403,5.855789718806782,6.1369164108247745,Npromotor
promoter-578,1.9853274375338967,3.8805635671142302,5.430115558194143,6.070595968834518,6.266786540694905,Npromotor
promoter-579,1.9716703014874304,3.7435423971431803,5.022029090377339,5.794829622625196,6.0330203069286705,Npromotor
promoter-580,1.9144035216219903,3.678972514001028,5.120439691780091,5.8973937251893,6.188864462772827,Npromotor
promoter-581,1.8893735754034422,3.6985266698513812,5.058130470245881,5.7788666418837025,6.0555571574937295,Npromotor
promoter-582,1.9453952903447402,3.7890371550101727,5.183156380924182,6.003350936810971,6.214838488746853,Npromotor
promoter-583,1.9623230225905788,3.814220252356455,5.207208716745576,6.028991962451998,6.240812514720879,Npromotor
promoter-584,1.9230915378736053,3.7909764424801065,5.420560020192075,6.08027401373405,6.240812514720878,Npromotor
promoter-585,1.9596503927258098,3.867007547427673,5.359107450922791,5.907071770088832,6.162890436798801,Npromotor
promoter-586,1.9589377606240825,3.861925834480921,5.306388501095189,5.881430744447805,6.1369164108247745,Npromotor
promoter-587,1.8309973435203641,3.614508847185257,5.067720741952488,5.810792603366693,6.136916410824775,Npromotor
promoter-588,1.9589377606240825,3.8567577455825774,5.290627583401056,5.907071770088832,6.162890436798801,Npromotor
promoter-589,1.8984921230141798,3.696938399071709,5.143670109041097,5.932712795729858,6.162890436798801,Npromotor
promoter-590,1.944619790380781,3.7681806664928237,5.205944596870769,5.9167498149883615,6.214838488746853,Npromotor
promoter-591,1.9363300128661831,3.788174152857294,5.341260494793462,6.0802740137340505,6.266786540694905,Npromotor
promoter-592,1.9351818218618104,3.749147159839514,5.295568843218312,5.942390840629391,6.1369164108247745,Npromotor
promoter-593,1.9013987030785497,3.743576696676414,5.127909191346963,5.881430744447805,6.110942384850749,Npromotor
promoter-594,1.874575870102969,3.677582460736634,5.039549064874227,5.875145808605842,6.162890436798801,Npromotor
promoter-595,1.9347926432821725,3.7292611088298306,5.06645662207768,5.865467763706312,6.1369164108247745,Npromotor
promoter-596,1.9553398179884796,3.7970851333950875,5.265311127704854,5.94239084062939,6.162890436798801,Npromotor
promoter-597,1.8634463625996114,3.6223737282238906,5.072662001769745,5.799834231927289,6.101138651056418,Npromotor
promoter-598,1.981339441415245,3.8910457603904343,5.404799102497941,6.019313917552467,6.214838488746853,Npromotor
promoter-599,1.952011742998551,3.68081508007627,5.171807052414818,5.977709911169947,6.162890436798801,Npromotor
promoter-600,1.974106817268141,3.8386972026068733,5.248286090135912,6.009635872652935,6.188864462772827,Npromotor
promoter-601,1.875309503576267,3.6431463669595914,5.195329717603726,5.85450939226691,6.110942384850748,Npromotor
promoter-602,1.9509207357525793,3.849347315227058,5.232525172441778,5.958353821370884,6.162890436798801,Npromotor
promoter-603,1.9732831460785674,3.831897542598332,5.415945742007261,6.1218780201165695,6.214838488746853,Npromotor
promoter-604,1.9571493990497748,3.8277783355326798,5.354166191105536,5.9473954499314825,6.127112677030444,Npromotor
promoter-605,1.8856939731182647,3.7093085222433504,5.202594438560763,5.993672891911441,6.214838488746853,Npromotor
promoter-606,1.9681525122917434,3.8506299331366645,5.395243564495871,5.9680318662704135,6.162890436798801,Npromotor
promoter-607,1.8765600437041274,3.6612710449595545,5.083481659646622,5.855789718806779,6.162890436798801,Npromotor
promoter-608,1.8728053323788312,3.650909527168174,4.947636091091441,5.7948296226251985,6.162890436798801,Npromotor
promoter-609,1.9375773653708472,3.78640278473134,5.233586603316542,5.9327127957298575,6.162890436798801,Npromotor
promoter-610,1.929719863116596,3.7523670017293838,5.208472836620384,5.923034750830325,6.162890436798801,Npromotor
promoter-611,1.9589377606240825,3.712885558028491,5.110884153778022,5.84950478296482,6.162890436798801,Npromotor
promoter-612,1.9495931346766868,3.7899455209832476,5.197653178743508,6.044954943193493,6.188864462772827,Npromotor
promoter-613,1.9589377606240825,3.7540780114835495,5.1121482736528305,5.830148693165754,6.1369164108247745,Npromotor
promoter-614,1.9284720222852811,3.8081872234329666,5.2128844258051545,5.958353821370884,6.188864462772827,Npromotor
promoter-615,1.9851283028994486,3.9251932593386742,5.455432013890347,6.08027401373405,6.214838488746853,Npromotor
promoter-616,1.939416459970242,3.8105890766632875,5.262782887955237,5.983994847011909,6.240812514720879,Npromotor
promoter-617,1.9509207357525797,3.8401203363760965,5.395243564495872,6.105915039375075,6.240812514720878,Npromotor
promoter-618,1.9718772055643197,3.8557980220350077,5.385688026493804,5.999957827753404,6.188864462772827,Npromotor
promoter-619,1.854824750228889,3.523152417914849,4.924113425902536,5.814185712424261,6.110942384850749,Npromotor
promoter-620,1.961649754724104,3.8828922845229963,5.426765399884137,5.958353821370881,6.1628904367988,Npromotor
promoter-621,1.9659902819357726,3.7797148406690835,5.224233754314519,5.993672891911442,6.214838488746853,Npromotor
promoter-622,1.9527243751002785,3.8161595398263874,5.345672083978231,6.086558949576013,6.266786540694905,Npromotor
promoter-623,1.9590524263912066,3.7968849780075438,5.186833520866629,5.900786834246869,6.179060728978496,Npromotor
promoter-624,1.9146613679208846,3.771798602055953,5.325499577099329,6.003350936810973,6.162890436798801,Npromotor
promoter-625,1.981339441415245,3.8095943347386236,5.173927824554554,5.932712795729858,6.214838488746853,Npromotor
promoter-626,1.9794115720619947,3.8636972026068745,5.359107450922792,6.054632988093023,6.214838488746853,Npromotor
promoter-627,1.9070017538633124,3.6953671863332986,5.099242577340756,5.926427859887894,6.162890436798801,Npromotor
promoter-628,1.9869119473651298,3.898098996850684,5.395243564495872,6.070595968834519,6.266786540694905,Npromotor
promoter-629,1.9870561722526991,3.837851258495257,5.216234584115159,5.977709911169945,6.188864462772826,Npromotor
promoter-630,1.9856263738161597,3.9116372396521175,5.366576950489664,6.054632988093023,6.266786540694905,Npromotor
promoter-631,1.983588047541953,3.8563231352742564,5.284422203708992,5.968031866270414,6.162890436798801,Npromotor
promoter-632,1.9282523982821504,3.8072464957989243,5.226319792749715,5.968031866270414,6.188864462772827,Npromotor
promoter-633,1.859740894046157,3.6593428217765847,5.082217539771813,5.7788666418837025,6.075164625082391,Npromotor
promoter-634,1.9589377606240825,3.7366029401188836,5.15783992522798,5.7338695264436135,5.919320469238236,Npromotor
promoter-635,1.8555402659528135,3.6049302996763335,4.955635261290801,5.753225616242678,6.162890436798801,Npromotor
promoter-636,1.9259785981781432,3.66680532855046,4.989977584356587,5.611949334080449,5.9256870276236,Npromotor
promoter-637,1.9495931346766868,3.7196291402567407,4.9540441597835505,5.656946449520538,6.0330203069286705,Npromotor
promoter-638,1.9418321825186209,3.8309981774225506,5.401448944187936,6.157197090657127,6.240812514720878,Npromotor
promoter-639,1.9803494290107926,3.8810324769557845,5.385688026493803,6.070595968834517,6.214838488746852,Npromotor
promoter-640,1.9009492654930302,3.6678514280496217,5.081687869139327,5.839826738065285,6.214838488746853,Npromotor
promoter-641,1.9681525122917434,3.8647090025728006,5.325499577099328,5.993672891911442,6.188864462772827,Npromotor
promoter-642,1.916353615322673,3.6933422417556363,5.158166906860421,5.891108789347336,6.179060728978495,Npromotor
promoter-643,1.8485966906171984,3.554112311016783,4.950694001473545,5.826755584108185,6.1369164108247745,Npromotor
promoter-644,1.8662478715440656,3.615287536876216,4.964661128660383,5.724191481544082,6.058994332902697,Npromotor
promoter-645,1.8066397557589122,3.546107632962394,4.762164216795304,5.528741321315409,5.831594657521827,Npromotor
promoter-646,1.8593030013247656,3.647730922119161,5.133584900406541,5.942390840629389,6.214838488746853,Npromotor
promoter-647,1.915324831925262,3.724648431342035,5.148081698225866,5.916749814988364,6.15308670300447,Npromotor
promoter-648,1.9064768350669659,3.555201836463873,4.79006373746444,5.594706026799084,6.039386865314035,Npromotor
promoter-649,1.883954583126321,3.5287512992102865,4.7551917437661695,5.620347052440111,6.075164625082392,Npromotor
promoter-650,1.9709713055744702,3.8101735878858984,5.248286090135912,5.932712795729858,6.136916410824775,Npromotor
promoter-651,1.9908781429925868,3.8832603592545207,5.194303020433501,5.968031866270413,6.162890436798801,Npromotor
promoter-652,1.9367376372690066,3.762771778592537,5.222439963807223,6.019313917552466,6.240812514720878,Npromotor
promoter-653,1.8853605601667245,3.645550283679581,5.122287579567553,5.7223746937225926,5.9874388133659835,Npromotor
promoter-654,1.9316136509915922,3.8055978666474637,5.328849735409333,6.003350936810973,6.188864462772827,Npromotor
promoter-655,1.9219674444151946,3.7824619548061733,5.31594403909726,6.019313917552466,6.188864462772827,Npromotor
promoter-656,1.9723922221490908,3.8049863774566246,5.088095937831436,5.836433629007717,6.1369164108247745,Npromotor
promoter-657,1.9386245385594778,3.754226809296597,5.191774780683885,5.871752699548276,6.117308943236114,Npromotor
promoter-658,1.977171096037747,3.8795497036586344,5.4350568180113985,6.070595968834518,6.240812514720878,Npromotor
promoter-659,1.9446948441307086,3.860405979317007,5.281072045398986,5.8751458086058435,6.162890436798801,Npromotor
promoter-660,1.9093718938927118,3.7246181331707375,5.224233754314519,6.019313917552467,6.214838488746853,Npromotor
promoter-661,1.932438217912738,3.769825015052787,5.236644513698646,5.958353821370883,6.162890436798801,Npromotor
promoter-662,1.9481952931990958,3.8114541423058355,5.257841628137982,5.942390840629391,6.136916410824775,Npromotor
promoter-663,1.869156877825848,3.6318118854906034,5.0943013175235,5.743547571343145,6.058994332902696,Npromotor
promoter-664,1.9969531181806306,3.887125989868464,5.368662988924861,5.9839948470119095,6.162890436798801,Npromotor
promoter-665,1.9509207357525793,3.826964627464628,5.305124381220382,6.019313917552466,6.188864462772827,Npromotor
promoter-666,1.9732831460785674,3.888985797435677,5.359107450922791,6.105915039375077,6.214838488746853,Npromotor
promoter-667,1.9532229366900418,3.793070704968096,5.273072875199627,5.9230347508303245,6.1369164108247745,Npromotor
promoter-668,1.9273633629840938,3.7424210983327972,5.162251514412749,5.7885446867832355,6.084968358876723,Npromotor
promoter-669,1.8647445021088316,3.665976442480106,5.178542102739368,5.855789718806778,6.1369164108247745,Npromotor
promoter-670,1.9579385099049902,3.760031727380474,4.999533122358655,5.682587475161562,6.058994332902697,Npromotor
promoter-671,1.9230915378736053,3.7720851333950884,5.144934228915905,5.891108789347337,6.162890436798801,Npromotor
promoter-672,1.9234909986465836,3.726912551046271,5.076012160079749,5.855789718806778,6.058994332902697,Npromotor
promoter-673,1.9719445869121703,3.7815746482362957,5.205617615238326,5.871752699548275,6.110942384850748,Npromotor
promoter-674,1.9741032773811307,3.8897110660624703,5.339996374918653,5.948675776471353,6.188864462772827,Npromotor
promoter-675,1.9629195335436873,3.7868915349476873,5.203858558435572,5.916749814988365,6.162890436798801,Npromotor
promoter-676,1.8636966074489634,3.7045497036586337,5.099242577340755,5.875145808605843,6.15308670300447,Npromotor
promoter-677,1.9701533218853364,3.8557980220350077,5.256577508263171,5.846111673907247,6.101138651056418,Npromotor
promoter-678,1.9801009284083202,3.9180193473936007,5.537586760671018,6.105915039375075,6.240812514720878,Npromotor
promoter-679,1.981261195746968,3.8326228112251264,5.328849735409333,6.003350936810973,6.188864462772827,Npromotor
promoter-680,1.989194544686378,3.8593941793510798,5.373277267109674,6.054632988093024,6.188864462772827,Npromotor
promoter-681,1.9769486856478973,3.9049863774566242,5.279807925524179,5.942390840629389,6.188864462772827,Npromotor
promoter-682,1.9355197044802437,3.7640200969689106,5.3097386594051965,5.958353821370884,6.162890436798801,Npromotor
promoter-683,1.9272582767844977,3.7965963831787413,5.042404286256287,5.711621609860157,5.9972425471603135,Npromotor
promoter-684,1.8947488974419424,3.673133296383918,5.031054957746923,5.794829622625197,6.136916410824775,Npromotor
promoter-685,1.974103277381131,3.899870364976638,5.477398311276544,6.0802740137340505,6.266786540694905,Npromotor
promoter-686,1.9410510448306986,3.8074830142093705,5.1943030204335034,5.900786834246869,6.162890436798801,Npromotor
promoter-687,1.9607573031877168,3.8849713690086856,5.5110061851000065,6.096236994475545,6.214838488746853,Npromotor
promoter-688,1.8309973435203641,3.53902009696891,4.854369438505991,5.63469853293708,6.02321657313434,Npromotor
promoter-689,1.9242696453526569,3.6754468357903827,5.056574102443171,5.887715680289768,6.162890436798801,Npromotor
promoter-690,1.9916275205800782,3.9407914650948648,5.178542102739369,5.846111673907249,6.136916410824775,Npromotor
promoter-691,1.9794979478327321,3.8271668463418407,5.259105748012789,5.983994847011909,6.214838488746853,Npromotor
promoter-692,1.9944463138628048,3.9341406028993706,5.281072045398988,5.830148693165755,6.058994332902697,Npromotor
promoter-693,1.989194544686378,3.93483157199293,5.308474539530386,5.9327127957298575,6.188864462772827,Npromotor
promoter-694,1.8780419929034482,3.6446419177065064,5.14987548873316,6.054632988093023,6.240812514720879,Npromotor
promoter-695,1.7038772941456553,3.2830363235435636,4.676421889000042,5.517782949876008,5.877176151084515,Npromotor
promoter-696,1.8810306650846762,3.6252275588719076,4.8310649596535375,5.53192914279601,5.880105534060912,Npromotor
promoter-697,1.92735329464558,3.743665136117673,5.168986564737299,5.870472373008406,6.127112677030444,Npromotor
promoter-698,1.922311338832949,3.6878644986252933,5.213414096437641,6.0289919624519985,6.240812514720878,Npromotor
promoter-699,1.9853274375338967,3.7689923110712065,5.188097640741438,5.871752699548275,6.162890436798801,Npromotor
promoter-700,1.9446197903807807,3.8483355152611307,5.14828438722591,5.798222731682765,6.084968358876722,Npromotor
promoter-701,1.8402755424726394,3.4550727534082135,4.772454204039693,5.535026257157371,6.007046280954644,Npromotor
promoter-702,1.8657263251149405,3.68971106606247,5.170250684612108,5.891108789347338,6.1369164108247745,Npromotor
promoter-703,1.9607573031877168,3.7224271492880554,5.102592735650762,5.830148693165755,6.1369164108247745,Npromotor
promoter-704,1.9924373927729695,3.890959384438844,5.325499577099328,5.9839948470119095,6.162890436798801,Npromotor
promoter-705,1.9924373927729695,3.860817313120302,5.284422203708992,6.028991962451997,6.240812514720878,Npromotor
promoter-706,1.9663517601564804,3.8430707049680963,5.344610653103466,6.0193139175524655,6.240812514720878,Npromotor
promoter-707,1.9382625747467113,3.736977192055416,5.2532273499531685,5.968031866270415,6.188864462772827,Npromotor
promoter-708,1.8485618287834635,3.528212945841001,4.955635261290801,5.7788666418837025,6.110942384850749,Npromotor
promoter-709,1.9498715595572078,3.7830945034002106,5.1544897669179734,5.875145808605841,6.162890436798801,Npromotor
promoter-710,1.9158390184317668,3.7158709449975844,5.053550925765606,5.907071770088832,6.162890436798801,Npromotor
promoter-711,1.8958313336642676,3.7525824607366327,5.298919001528317,5.932712795729857,6.214838488746853,Npromotor
promoter-712,1.9853274375338967,3.9124488842305007,5.339996374918654,5.942390840629391,6.110942384850749,Npromotor
promoter-713,1.967819062814047,3.8702273893175443,5.385688026493803,6.070595968834518,6.240812514720879,Npromotor
promoter-714,1.8566550252263032,3.533434455803509,4.938283242089417,5.794829622625196,6.084968358876723,Npromotor
promoter-715,1.9932858588354365,3.9052749722854267,5.376132488491733,6.08027401373405,6.240812514720879,Npromotor
promoter-716,1.9103529786397742,3.772427149288056,5.0486096659483515,5.86546776370631,6.058994332902697,Npromotor
promoter-717,1.8855073274420404,3.728554961733969,4.970866508352447,5.676302539319599,6.084968358876723,Npromotor
promoter-718,1.991122414039628,3.888697202606874,5.3350551151013965,5.993672891911441,6.214838488746853,Npromotor
promoter-719,1.9726869288759223,3.8797498590461776,5.237466432259034,5.891108789347338,6.1369164108247745,Npromotor
promoter-720,1.9676040597005016,3.726172104417176,5.168456894104814,5.881430744447807,6.188864462772827,Npromotor
promoter-721,1.9629195335436873,3.7839835643916446,5.07601216007975,5.804507667524727,6.110942384850748,Npromotor
promoter-722,1.9367376372690066,3.647629368165269,4.9361972036542205,5.672909430262031,5.9874388133659835,Npromotor
promoter-723,1.9369026492061707,3.7940654468927617,5.255755589702785,5.932712795729857,6.162890436798801,Npromotor
promoter-724,1.8156747185875406,3.420567341720843,4.784917699037349,5.717906545702118,6.110942384850748,Npromotor
promoter-725,1.8198500368213346,3.4415167337216572,4.768864533415313,5.663231385362498,5.9516610535976255,Npromotor
promoter-726,1.881059388978886,3.6042802303607626,4.923786444270092,5.533745930617499,5.847764949701522,Npromotor
promoter-727,1.8908566003901925,3.737651103107714,5.176013862989752,5.9680318662704135,6.214838488746852,Npromotor
promoter-728,1.8595411283021592,3.560079267043744,4.88377050175452,5.8364336290077174,6.188864462772827,Npromotor
promoter-729,1.9648474028969376,3.7802749722854267,5.229175014131774,5.891108789347339,6.110942384850748,Npromotor
promoter-730,1.9545651803501376,3.6907228660283975,5.108798115342825,5.820470648266222,6.1369164108247745,Npromotor
promoter-731,1.9883036207569014,3.8981675959171507,5.267397166140049,5.916749814988363,6.188864462772827,Npromotor
promoter-732,1.9446948441307086,3.7770180485287925,5.325499577099329,6.044954943193492,6.188864462772827,Npromotor
promoter-733,1.935617380764456,3.76471106606247,5.222969634439709,5.839826738065283,6.136916410824774,Npromotor
promoter-734,1.9121118878804149,3.763897357994418,5.119617773219702,5.804507667524727,6.1369164108247745,Npromotor
promoter-735,1.974106817268141,3.9035358402030376,5.442526317578271,5.9680318662704135,6.110942384850748,Npromotor
promoter-736,1.9627107119145406,3.8434539577019216,5.208472836620385,5.916749814988364,6.188864462772827,Npromotor
promoter-737,1.9623230225905788,3.771650523086767,5.115295742962791,5.932712795729858,6.214838488746853,Npromotor
promoter-738,1.9047275392539325,3.7349522474777537,5.026970350194596,5.775473532826132,6.162890436798801,Npromotor
promoter-739,1.9864010114545017,3.797696622585928,5.170250684612108,5.875145808605844,6.058994332902697,Npromotor
promoter-740,1.8625219769959682,3.591749250770169,4.979687597112194,5.846111673907248,6.1369164108247745,Npromotor
promoter-741,1.9719091625232679,3.7572464957989244,5.051959824258356,5.794829622625198,6.136916410824775,Npromotor
